"Event","URL","Start","End"
"BEYOND WORKING REMOTELY <U+0096> CASE STUDIES | BENEFITS | CHALLENGES - 1 CPE","https://www.linkedin.com/events/6693953711661740032/",2020-08-05,2020-08-05
"HOW TO STRATEGIZE YOUR FIRM<U+0092>S GROWTH AND EXPAND MARGINS IN THE NEW WORLD","https://www.linkedin.com/events/6717380018957279232/",2020-10-05,2020-10-05
"KiwiTech's Family Office Panel","https://www.linkedin.com/events/6717426146255917057/",2020-10-14,2020-10-14
"Power BI - Business Intelligence Training","https://www.linkedin.com/events/6697049972015144960/",2020-10-05,2020-10-15
"YPO Presents Ask the Experts-CES Edition","https://www.linkedin.com/events/6729512136764076032/",2020-11-17,2020-11-17
"Global PropTech Network Unleashed #2",https://www.linkedin.com/events/6742390514676576256/,2021-01-26,2021-01-26
"Webinar | The Modern Science Behind Effective Sports Fan Segmentation",https://www.linkedin.com/events/6754528570867093504/,2021-01-21,2021-01-21
"AAIC - Applied AI in Logistics",https://www.linkedin.com/events/6756158273340145664/,2021-02-24,2021-02-25
"Real Estate Insights & Predictions with Bruce Norris",https://www.linkedin.com/events/6757693264243118081/,2021-01-23,2021-01-23
"H2O Live - Announcing H2O.ai's latest innovations",https://www.linkedin.com/events/6755139398884478977/,2021-01-26,2021-01-26
"Advance Financial Modelling & Data Analysis",https://www.linkedin.com/events/6745208451535835136/,2021-02-08,2021-02-09
"Climate Change & Sustainability Webinar",https://www.linkedin.com/events/6739551905908867072/,2021-01-21,2021-01-21
"Cosmetics Business Live",https://www.linkedin.com/events/6744576536277483520/,2021-05-10,2021-05-14
"Machine Learning Lifecycle 2021 Conference, Jan 26th-28th",https://www.linkedin.com/events/6747515590954618880/,2021-01-26,2021-01-28
"Machine Learning Operations (MLOps): Deploy at Scale with CIONET",https://www.linkedin.com/events/6742202587262586880/,2021-01-21,2021-01-21
"Adastra Virtual Open House",https://www.linkedin.com/events/6742284901757849600/,2021-01-19,2021-01-19
"From Data to Knowledge: Unlocking the Power of Data for Project Success",https://www.linkedin.com/events/6752826651865817089/,2021-01-14,2021-01-14
"Work Now + In the Future:Leading More <U+0093>HUMAN<U+0094> Workplaces in a Digital World","https://www.linkedin.com/events/6733083130145710080/",2020-12-03,2020-12-03
"WaiTALK Toronto: Advance your Career in the World of AI","https://www.linkedin.com/events/6742083863994093568/",2020-12-15,2020-12-15
"AI in Pharma Biotech and Drug Discovery Industry 2020","https://www.linkedin.com/events/6740425131820109824/",2020-12-16,2020-12-16
"Free Training on Microsoft Azure AI-900 Fundamentals Certification (USA)","https://www.linkedin.com/events/6742445716263755776/",2020-12-17,2020-12-17
"Free Training on Microsoft Azure DP-900 Fundamentals Certification (USA)","https://www.linkedin.com/events/6742445716263755776/",2020-12-17,2020-12-17
"(#ITinDefence2020) IT in Defence by Computer Society of India - Bangalore","https://www.linkedin.com/events/6734035139065708544/",2020-12-17,2020-12-18
"Free Training on PL-900: Microsoft Power Platform Fundamentals (USA)","https://www.linkedin.com/events/6742454559018422272/",2020-12-19,2020-12-19
"Greeks in Tech Live II","https://www.linkedin.com/events/6741744293901303808/",2020-12-20,2020-12-20
"Whatsapp Chatbot Based Marketing Strategies","https://www.linkedin.com/events/6745579806907260928/",2020-12-20,2020-12-20
"Onion Hour #3: Notworking Meets Networking","https://www.linkedin.com/events/6744571569307217920/",2020-12-22,2020-12-22
"<U+2728>Merry Christmas & Happy New Year 2021 at FEDE showroom<U+2728>","https://www.linkedin.com/events/6743230942992723968/",2020-12-21,2020-12-31
"2 <e8>me Session des entretiens - Master Sp<e9>cialis<e9> Data Engineering-EHTP","https://www.linkedin.com/events/6746478051707678720/",2021-01-02,2021-01-02
"FINLAND <U+0096> A GLOBAL TECHNOLOGY HUB & GATEWAY TO EUROPEAN MARKET","https://www.linkedin.com/events/6751800972541997056/",2021-01-04,2021-01-04
"Pie & Ai : Islamabad","https://www.linkedin.com/events/6743153840633245697/",2021-01-04,2021-01-04
"Machine Learning Canvas: LIVE DEMO","https://www.linkedin.com/events/6746738410817433600/",2021-01-05,2021-01-05
"Monthly Meeting: Employment Law Update","https://www.linkedin.com/events/6737442033276895232/",2021-01-05,2021-01-05
"Pharma Predictions 2021 - Free Webinar","https://www.linkedin.com/events/6745048628408139776/",2021-01-05,2021-01-05
"Practical Analytics for Auditing Payroll","https://www.linkedin.com/events/6749132315626237952/",2021-01-04,2021-01-05
"Winter Business Data Analytics Workshop - Jan 5 2021","https://www.linkedin.com/events/6744656084616699904/",2021-01-05,2021-01-05
"Computer Vision Power Bundle: Accelerated AI Camera + Low-code Software","https://www.linkedin.com/events/6749408608255131648/",2021-01-06,2021-01-06
"Fullstack Data Science Approach to Predicting Loan Defaults","https://www.linkedin.com/events/6747978952364605440/",2021-01-05,2021-01-06
"How to better utilize your team to get more done","https://www.linkedin.com/events/6745801375428481024/",2021-01-06,2021-01-06
"ICBA ThinkTECH Accelerator 2021 Virtual Kickoff","https://www.linkedin.com/events/6739306806138540032/",2021-01-06,2021-01-06
"Start the New Year with Unit Testing and Test Driven Development","https://www.linkedin.com/events/6737705103983222784/",2021-01-06,2021-01-06
"The Future of Digital Marketing: A Rival to Traditional Media?","https://www.linkedin.com/events/6749193936184643584/",2021-01-06,2021-01-06
"[Free Webinar] Digital Transformation of SMEs in the 5G Era","https://www.linkedin.com/events/6742626886507212800/",2021-01-07,2021-01-07
"API Design Step 1: Modeling your API","https://www.linkedin.com/events/6750059052774105088/",2021-01-07,2021-01-07
"Artificial Intelligence and the Natural World","https://www.linkedin.com/events/6745257921552113664/",2021-01-07,2021-01-07
"BackEnd Virtual Job Fair. Tech Career Connect","https://www.linkedin.com/events/6744201062170804224/",2021-01-07,2021-01-07
"Chicago Superconductor Cable Project.","https://www.linkedin.com/events/6746871133573914624/",2021-01-07,2021-01-07
"Digital Resilience Forum","https://www.linkedin.com/events/6744799114489417729/",2021-01-07,2021-01-07
"FRV Presents: How to Break Into Venture Capital with Janet Bannister","https://www.linkedin.com/events/6749744791627669504/",2021-01-07,2021-01-07
"Fully Managed IHM Maintenance","https://www.linkedin.com/events/6750043981591195648/",2021-01-07,2021-01-07
"How Early Adoption of Data Fabric gives CIOs an Advantage with Dropbox CIO","https://www.linkedin.com/events/6747713737513402369/",2021-01-07,2021-01-07
"How to Run a Successful AI Startup","https://www.linkedin.com/events/6744376999026008064/",2021-01-07,2021-01-07
"How to Run a Successful AI Startup","https://www.linkedin.com/feed/update/6752675719064772608/",2021-01-07,2021-01-07
"IoMT in the Covid World - Enable better care in the new normal.","https://www.linkedin.com/events/6747093098704252928/",2021-01-07,2021-01-07
"Meetup <U+2116>20: Data Sources on Latvia","https://www.linkedin.com/events/6752167202511691776/",2021-01-07,2021-01-07
"Palm Oil Trade Fair and Seminar 2021","https://www.linkedin.com/events/6732989065966178304/",2021-01-05,2021-01-07
"Sales Hack: Using Social Signals to Close More Deals","https://www.linkedin.com/events/6749432884899143680/",2021-01-07,2021-01-07
"2021-01-07 RINGKNOCKER Virtual Meetup","https://www.linkedin.com/events/6745554016253698048/",2021-01-08,2021-01-08
"AAPM Annual Meeting 2021 (AAPM2021)","https://www.linkedin.com/events/6708555811586740224/",2021-01-07,2021-01-08
"Alberta IoT Monthly Member Meeting - January","https://www.linkedin.com/events/6732770552316096512/",2021-01-08,2021-01-08
"Astor Perkins January 8th Event: All Things Space & Survival","https://www.linkedin.com/events/6738976085133824000/",2021-01-08,2021-01-08
"Bulletproof Your 2021","https://www.linkedin.com/events/6749353656157532160/",2021-01-06,2021-01-08
"Come Join WYWM! All Experience Welcome. Yes...Even Airforce","https://www.linkedin.com/events/6751920789437710336/",2021-01-08,2021-01-08
"Create Your Year Vision Board Event","https://www.linkedin.com/events/6750102690476503040/",2021-01-08,2021-01-08
"Data Analytics & Visualization Hands-on Workshop using MS-Excel & Power BI","https://www.linkedin.com/events/6748967986943594496/",2021-01-02,2021-01-08
"Data Science Training Programmes for AI Communities","https://www.linkedin.com/events/6752621255238684673/",2021-01-08,2021-01-08
"DRONES IN CONSTRUCTION","https://www.linkedin.com/events/6746931486265487360/",2021-01-06,2021-01-08
"FinTech China Insights Up-skill your Career 5-week Bootcamp HK$5800","https://www.linkedin.com/events/6749204719119540225/",2021-01-08,2021-01-08
"FinTech China Insights Up-skill your Career livestream sell in Mandarin $","https://www.linkedin.com/events/6749204719119540225/",2021-01-08,2021-01-08
"How AI Solutions can Help you to Improve Sales and Customer Service Quality","https://www.linkedin.com/events/6748077917928067072/",2021-01-08,2021-01-08
"Introduction to Machine Learning Course - Global AI Hub","https://www.linkedin.com/events/6749299548868399104/",2021-01-04,2021-01-08
"Markov Chain Bots: The Art of Making Engaging Chatbots","https://www.linkedin.com/events/6752945916057149440/",2021-01-08,2021-01-08
"Mini-webinar: Chatbot - your new colleague","https://www.linkedin.com/events/6746717491503874048/",2021-01-08,2021-01-08
"Mini-webinar: SupChat - Live Chat solution with AI assistance","https://www.linkedin.com/events/6746716661778284544/",2021-01-08,2021-01-08
"Mini-webinar: Ticket Analyzer - handling tickets has never been easier!","https://www.linkedin.com/events/6746718517069934592/",2021-01-08,2021-01-08
"Motorola Solutions Live - Safe Schools - with Todd Biwer and Ashley Lockard","https://www.linkedin.com/events/6751946098014863360/",2021-01-08,2021-01-08
"Sales Stack Authority - LinkedIn Selling (Limited Seats Available)","https://www.linkedin.com/events/6745165588873699328/",2021-01-08,2021-01-08
"Smart Analyzers Core Committee Interviews 2021","https://www.linkedin.com/events/6751823370649653248/",2021-01-06,2021-01-08
"2 Days Free Workshop on Fundamentals of Python","https://www.linkedin.com/events/6751863432678662144/",2021-01-09,2021-01-09
"2021 OSHP Winter Virtual Seminar","https://www.linkedin.com/events/6745371496425787392/",2021-01-09,2021-01-09
"DevOps Online Interactive Training | Weekend Batch","https://www.linkedin.com/events/6739610301882277888/",2021-01-09,2021-01-09
"Free Webinar on Introduction to Machine Learning","https://www.linkedin.com/events/6744196936083095552/",2021-01-09,2021-01-09
"GWS Open Innovation Jan Meetup Session 1","https://www.linkedin.com/events/6749920321371013120/",2021-01-09,2021-01-09
"Kids Coding Camp","https://www.linkedin.com/events/6749735204631408641/",2021-01-09,2021-01-09
"TECHPOD Meetup - AWS Cloud Day - Online Event","https://www.linkedin.com/events/6751917222958104576/",2021-01-09,2021-01-09
"Young Leaders Training Session","https://www.linkedin.com/events/6751723036124160000/",2021-01-09,2021-01-09
"AZURE SQL Database Networking using Private Link and connecting with PAAS","https://www.linkedin.com/events/6735544403122905088/",2021-01-10,2021-01-10
"Begin with AI/ML","https://www.linkedin.com/events/6752610429249355776/",2021-01-10,2021-01-10
"COVID-19 Vaccines in India: IBLoT Virtual Networking Meet-up","https://www.linkedin.com/events/6752304820440449024/",2021-01-10,2021-01-10
"Disciplined Agile Senior Scrum Master (DASSM)","https://www.linkedin.com/events/6749940441485062144/",2021-01-09,2021-01-10
"Introduction to Machine Learning Course - Global AI Hub","https://www.linkedin.com/events/6752707487150956544/",2021-01-10,2021-01-10
"Join Free Webinar on Data Science In Collaboration with IBM","https://www.linkedin.com/events/6753535563657199616/",2021-01-10,2021-01-10
"PSC X SFL LIT Policython","https://www.linkedin.com/events/6747363499229380608/",2021-01-09,2021-01-10
"The Future is AI! Are you AI Ready?","https://www.linkedin.com/events/6751799278718525440/",2021-10-05,2021-01-10
"Understanding The Role Of Artificial Intelligence In Education","https://www.linkedin.com/events/6752514429734141952/",2021-01-10,2021-01-10
"Webinar: Building AI-First Products by Expedia Sr Product Manager","https://www.linkedin.com/events/6738101872269238272/",2021-01-10,2021-01-10
"FinTech 2021","https://www.linkedin.com/events/6752038636646203392/",2021-01-11,2021-01-11
"InnovatorMD Global Summit 2021","https://www.linkedin.com/events/6739185284094816256/",2021-01-04,2021-01-11
"InnovatorMD Global Summit 2021","https://www.linkedin.com/events/6739185284094816256/",2021-01-08,2021-01-11
"Learn how to begin a career in IoT | High- demand career | Live Webinar","https://www.linkedin.com/events/6751833296499445760/",2021-01-11,2021-01-11
"Machine Learning: Industry Usecases (Free Webinar)","https://www.linkedin.com/events/6752486337674313728/",2021-01-11,2021-01-11
"Practical Analytics for Fraud Detection","https://www.linkedin.com/events/6749134286135418880/",2021-01-10,2021-01-11
"Retail Innovation Week 2021","https://www.linkedin.com/events/6727314682450972672/",2021-01-11,2021-01-11
"1/12/21 - Introductory Webinar and Application Demo","https://www.linkedin.com/events/6751501932902318080/",2021-01-12,2021-01-12
"27th Inflection Martech Innovation Web Conference & Awards","https://www.linkedin.com/events/6750245092801470464/",2021-01-12,2021-01-12
"Achieving Excellence in Banking Innovation Free Webinar","https://www.linkedin.com/events/6752601595814387712/",2021-01-12,2021-01-12
"AustCham Webinar: Profit Maximising Data Science AI and Optimisation","https://www.linkedin.com/events/6747045269831061506/",2021-01-12,2021-01-12
"Being self-employed in STEM","https://www.linkedin.com/events/6752704460683788288/",2021-01-12,2021-01-12
"Black Hat SEO Secrets: How To GET Traffic NOW (Webinar with Craig Campbell)","https://www.linkedin.com/events/6744529741585383424/",2021-01-12,2021-01-12
"CTCC <U+0096> Where the Innovation Prototyping Journey Ends and The Future Begins:","https://www.linkedin.com/events/6747821178301235200/",2021-01-12,2021-01-12
"Data & AI Series: Kickoff - an Introduction to AI","https://www.linkedin.com/events/6745020038748672000/",2021-01-12,2021-01-12
"Decentralization in Manufacturing","https://www.linkedin.com/events/6753042533875638272/",2021-01-12,2021-01-12
"FREE Webinar | Microsoft Excel a Gateway to Analytics!","https://www.linkedin.com/events/6750780992400699393/",2021-01-12,2021-01-12
"FTE Show - Making Distributed Innovation work in New Product Development","https://www.linkedin.com/events/6743230423100379137/",2021-01-12,2021-01-12
"Get to Know Joe","https://www.linkedin.com/events/6745438524675276800/",2021-01-12,2021-01-12
"HCL Commerce Connect 2021","https://www.linkedin.com/events/6752603104820178945/",2021-01-12,2021-01-12
"How to address low power app implementation in NB-IoT and LTE-M","https://www.linkedin.com/events/6747521325029474304/",2021-01-12,2021-01-12
"How To Practice Emotional Intelligence in HR","https://www.linkedin.com/events/6753012107270209536/",2021-01-12,2021-01-12
"Industrial Networks IIOT and Communications","https://www.linkedin.com/events/6751885051094433792/",2021-01-12,2021-01-12
"Innovation Olympics Open Innovation Summit 2021","https://www.linkedin.com/events/6751990473772068864/",2021-01-12,2021-01-12
"January Series - The Future of AI","https://www.linkedin.com/events/6737006641318825984/",2021-01-12,2021-01-12
"Making Your Data Work for You","https://www.linkedin.com/events/6750107884656349184/",2021-01-12,2021-01-12
"Oil & Gas Data Science Series: Machine Learning Solution Development","https://www.linkedin.com/events/6742931251742720000/",2021-01-12,2021-01-12
"Panel Discussion: Merck R&D<U+0092>s Digitally-Enabled Clinical Trial Team","https://www.linkedin.com/events/6742842053224361984/",2021-01-12,2021-01-12
"RISE Spotlight: Harness the Power of Digital Learning","https://www.linkedin.com/events/6747478028621901824/",2021-01-12,2021-01-12
"SCALE UP TURN","https://www.linkedin.com/events/6751985335032446976/",2021-01-12,2021-01-12
"SDEC - Getting Started With Event Driven Analytics","https://www.linkedin.com/events/6753351270507065344/",2021-01-12,2021-01-12
"Simcenter 3D 2021.1 Virtual Launch","https://www.linkedin.com/events/6740642209231593472/",2021-01-12,2021-01-12
"The decision-making process for infrastructural investments choices","https://www.linkedin.com/events/6750152414042701824/",2021-01-12,2021-01-12
"Webinar | How to enter the world of servitization with the power of IoT","https://www.linkedin.com/events/6729697734284189696/",2021-01-12,2021-01-12
"Webinar Radiopharmaceutical Packaging (January 12th)","https://www.linkedin.com/events/6744962847081558017/",2021-01-12,2021-01-12
"Webinar: Machine Learning Fundamentals for PMs by fmr Expedia Sr PM","https://www.linkedin.com/events/6720295315490013184/",2021-01-12,2021-01-12
"Webinar: Recruiting the Next Generation of Diverse STEM Professionals","https://www.linkedin.com/events/6742835162121306113/",2021-01-12,2021-01-12
"*Ep.1* Accelerating Digital Transformation: Embracing Business Disruption","https://www.linkedin.com/events/6732727849066762241/",2021-01-13,2021-01-13
"[Webinar]: How Lasernet Helps Automate Processes & Transform Your Business","https://www.linkedin.com/events/6742459899298488320/",2021-01-13,2021-01-13
"A2Z Virtual 2021","https://www.linkedin.com/events/6741297830335410176/",2021-01-13,2021-01-13
"Accelerating Digital Transformation - Software Intelligence Forum","https://www.linkedin.com/events/6747165941190168576/",2021-01-12,2021-01-13
"Adopting Analytics Best Practices in Manufacturing Industry","https://www.linkedin.com/events/6746676269317967872/",2021-01-13,2021-01-13
"AI in Computer Vision Technology and the Impact on Healthcare","https://www.linkedin.com/events/6747190172493975552/",2021-01-13,2021-01-13
"Artificial Intelligence disruptions in Healthcare services","https://www.linkedin.com/events/6749995691956875264/",2021-01-13,2021-01-13
"AWS Cloud Foundation Workshop","https://www.linkedin.com/events/6745121610514231296/",2021-01-12,2021-01-13
"Climate Resilient Food Systems for Africa","https://www.linkedin.com/events/6740611156311887872/",2021-01-13,2021-01-13
"Complimentary Masterclass: Consumer Analytics","https://www.linkedin.com/events/6742730976163708928/",2021-01-13,2021-01-13
"Corporate Governance and Responsible Investment in Private Equity","https://www.linkedin.com/events/6745363747239407616/",2021-01-13,2021-01-13
"Data Science Interview Prep Group - NEW TIME","https://www.linkedin.com/events/6752334101430325248/",2021-01-12,2021-01-13
"Data Science Masterclass: Unraveling the secrets of Data Science and Python","https://www.linkedin.com/events/6752284148913750016/",2021-01-13,2021-01-13
"DL: What Works for Boosting Resilience in Individuals and Organizations.","https://www.linkedin.com/events/6749470191630987264/",2021-01-13,2021-01-13
"E-Contracts: How Artificial Intelligence Will Change Everything","https://www.linkedin.com/events/6743177077215772672/",2021-01-13,2021-01-13
"FREE Webinar : Text Mining use cases using KNIME!","https://www.linkedin.com/events/6747796995588534272/",2021-01-13,2021-01-13
"Google Analytics 4 Training","https://www.linkedin.com/events/6752894980462788608/",2021-01-13,2021-01-13
"HACK 'N' TALK | FIND YOUR COFOUNDER","https://www.linkedin.com/events/6753216872033873920/",2021-01-13,2021-01-13
"Innovative law teaching in times of pandemic","https://www.linkedin.com/events/6752540910313103360/",2021-01-13,2021-01-13
"January 13 Workshop: Pattern Recognition in Time Series Data","https://www.linkedin.com/events/6744745868173340672/",2021-01-13,2021-01-13
"Kraftful at CES 2021","https://www.linkedin.com/events/6745136347260026880/",2021-01-10,2021-01-13
"Live Webinar : Introduction to Google Analytics 4","https://www.linkedin.com/events/6752584632614621184/",2021-01-13,2021-01-13
"Meet Roche - Business Perspectives - Session 1","https://www.linkedin.com/events/6752230419774631936/",2021-01-13,2021-01-13
"Meet Roche - Business Perspectives - Session 2","https://www.linkedin.com/events/6752257648306995200/",2021-01-13,2021-01-13
"Microsoft 365 UK User Group January 2021","https://www.linkedin.com/events/6747511086280515586/",2021-01-13,2021-01-13
"Panel 2: Data Science Education Policy Support","https://www.linkedin.com/events/6747628194444193792/",2021-01-13,2021-01-13
"Project Data Pioneers: Insights from Sir Robert McAlpine<U+0092>s Head of Data","https://www.linkedin.com/events/6747454837991981056/",2021-01-13,2021-01-13
"R in the Energy Industry","https://www.linkedin.com/events/6753367890013106176/",2021-01-13,2021-01-13
"Red Hat Ansible Security Automation Platform Workshop","https://www.linkedin.com/events/6749640305911320576/",2021-01-13,2021-01-13
"SEJ eSummit Virtual Conference for SEO and Digital Marketing 2021","https://www.linkedin.com/events/6724716168810233856/",2021-01-12,2021-01-13
"The 11th Gulf Intelligence <U+0093>GLOBAL<U+0094> UAE Energy Forum 2021","https://www.linkedin.com/events/6736542754899329024/",2021-01-13,2021-01-13
"Usage Of Online Monitoring to Determine Derouging & Passivation Frequency","https://www.linkedin.com/events/6751871049874448384/",2021-01-13,2021-01-13
"Webinar | Accelerate Digital Supply Chains with Real-Time Applications","https://www.linkedin.com/events/6744726016654229504/",2021-01-13,2021-01-13
"Webinar. Applied Scientific Marketing: Machine Learning Methodologies etc.","https://www.linkedin.com/events/6751158799437983744/",2021-01-13,2021-01-13
"(Virtual) Networking Night for Young Professionals","https://www.linkedin.com/events/6742065785730056192/",2021-01-13,2021-01-14
"2021 ANNUAL REGIONAL LEGISLATIVE FORUM #1","https://www.linkedin.com/events/6753027433349308416/",2021-01-14,2021-01-14
"2021 Outlook <U+0096> What<U+0092>s Next for U.S. Power Markets","https://www.linkedin.com/events/6753402478282235904/",2021-01-14,2021-01-14
"2021!! Let's Go! Marketing / Recruiting Strategies That ARE WORKING NOW","https://www.linkedin.com/events/6754095150487654400/",2021-01-14,2021-01-14
"Advisory Best Practices for Accounting CPA and Outsourced CFO Firms","https://www.linkedin.com/events/6745783147373441024/",2021-01-14,2021-01-14
"AustCham Webinar: Post-Covid Changes to the Korean Fintech Sector","https://www.linkedin.com/events/6751817801901727744/",2021-01-14,2021-01-14
"BU Agile Innovation Lab 2021 Conference -Leading in a VUCA World","https://www.linkedin.com/events/6746410547547254784/",2021-01-12,2021-01-14
"Codete Tech Talks with Cloudinary","https://www.linkedin.com/events/6747143511088406528/",2021-01-14,2021-01-14
"Data Science Masterclass: Unraveling the secrets of Data Science and Python","https://www.linkedin.com/events/6752285718996938752/",2021-01-14,2021-01-14
"Digital Mental Health: Virtual Networking Session","https://www.linkedin.com/events/6727901379672711169/",2021-01-14,2021-01-14
"Enterprise Digital Marketing: Strategies for 2021","https://www.linkedin.com/events/6751819118690746368/",2021-01-14,2021-01-14
"Exclusive Interview with Mark Templeton","https://www.linkedin.com/events/6744990443844583424/",2021-01-14,2021-01-14
"Free Live Online Course Microsoft Azure Fundamentals Exam AZ-900","https://www.linkedin.com/events/6752811770819289088/",2021-01-12,2021-01-14
"FREE Webinar | Conquer the world of Analytics with Data Warehouse & BI!","https://www.linkedin.com/events/6751850446614233088/",2021-01-14,2021-01-14
"From Things to Value - How to apply AI with IoT","https://www.linkedin.com/events/6737725486048264193/",2021-01-14,2021-01-14
"Geotechnical Considerations for the Design of Commercial Structures","https://www.linkedin.com/events/6744744949666918400/",2021-01-14,2021-01-14
"Helix 2021","https://www.linkedin.com/events/6739938772365967360/",2021-01-14,2021-01-14
"Heritage BIM benefits in Case Study Riga castle & education during pandemic","https://www.linkedin.com/events/6745400426037956608/",2021-01-14,2021-01-14
"How to conduct e-KYC over a chatbot","https://www.linkedin.com/events/6752099932653658112/",2021-01-14,2021-01-14
"IADD Workshop - Upgrading the Grading - Digitization of Dull Bit Forensics","https://www.linkedin.com/events/6749474676747177984/",2021-01-14,2021-01-14
"Industrial Facilities Solutions From Aruba","https://www.linkedin.com/events/6747018989664313344/",2021-01-14,2021-01-14
"Intelligent Drug Design","https://www.linkedin.com/events/6749659191926919168/",2021-01-14,2021-01-14
"Interactive live stream: Investment Outlook 2021","https://www.linkedin.com/events/6750387883405795328/",2021-01-14,2021-01-14
"Leading Reliability Virtual Conference","https://www.linkedin.com/events/6709460615125049344/",2021-01-13,2021-01-14
"Leveraging AI in creative Operations","https://www.linkedin.com/events/6752535363568365568/",2021-01-14,2021-01-14
"Machine Learning: from Training to Production","https://www.linkedin.com/events/6748621546245378048/",2021-01-14,2021-01-14
"N-SAMARTH webinar (Jan 12- 14 2021) 3-6 IST","https://www.linkedin.com/events/6752966369945415683/",2021-01-12,2021-01-14
"NATIONAL VIRTUAL CAREER FAIR - THURSDAY JANUARY 14th 2021","https://www.linkedin.com/events/6747522960447434753/",2021-01-14,2021-01-14
"Open Innovation Series - Open Innovation to Unlock Business Growth","https://www.linkedin.com/events/6743187235308376064/",2021-01-14,2021-01-14
"Progressive HR Live w/ Ema Roloff - Digital Transformation 2021","https://www.linkedin.com/events/6742899132278607872/",2021-01-14,2021-01-14
"Schneider Electric: Making homes smart and sustainable at CES 2021","https://www.linkedin.com/events/6740270903793455104/",2021-01-11,2021-01-14
"TEDx Archivorum January Edition","https://www.linkedin.com/events/6752177246078935040/",2021-01-14,2021-01-14
"The Role of Education Technology (EdTech) in the Achievement Gap","https://www.linkedin.com/events/6736819674048204800/",2021-01-13,2021-01-14
"Trade-off Between Trade and Security: The Digital Silk Road","https://www.linkedin.com/events/6738444924183748608/",2021-01-14,2021-01-14
"Virtual Healthcare Compliance Essentials Workshop","https://www.linkedin.com/events/6734085817809088512/",2021-01-11,2021-01-14
"Webinar - Supply Chain Shifts to Watch in Europe","https://www.linkedin.com/events/6744312211910508544/",2021-01-14,2021-01-14
"WIPAC Webinar No.7 - Instrumentation in Digital Transformation","https://www.linkedin.com/events/6741732721674059776/",2021-01-14,2021-01-14
"Wipro At CES 2021: D.I.S.R.U.P.T.","https://www.linkedin.com/events/6747270020822298624/",2021-01-11,2021-01-14
"Women in Innovation: Leadership Insights + Online Networking","https://www.linkedin.com/events/6747857513405796352/",2021-01-14,2021-01-14
"Work Now + In the Future:Leading More <U+0093>HUMAN<U+0094> Workplaces in a Digital World","https://www.linkedin.com/events/6741794641240309760/",2021-01-14,2021-01-14
"""So...What's Next?"" CIOs Outlook For Tech 2021","https://www.linkedin.com/events/6740524853633404929/",2021-01-15,2021-01-15
"14th Annual Cocktails with the Chiefs (Virtual Event)","https://www.linkedin.com/events/6746930284580679680/",2021-01-14,2021-01-15
"Architecture Design & Development Summit 2021","https://www.linkedin.com/events/6729371380304900096/",2021-01-15,2021-01-15
"Armed Forces Veterans.. WYWM Hiring Event (Pst - we want you)","https://www.linkedin.com/events/6754450918063902720/",2021-01-15,2021-01-15
"Basic Python for log analysis","https://www.linkedin.com/events/6752205433231970304/",2021-01-11,2021-01-15
"CMAF FFT: To Infinity and Beyond: Forecasting with Dynamic Models","https://www.linkedin.com/events/6751883043834773504/",2021-01-15,2021-01-15
"Crypto Masterclass by Primechain","https://www.linkedin.com/events/6744181209867292673/",2021-01-11,2021-01-15
"Data and Decision Sciences to Support Health System Planning in Ontario","https://www.linkedin.com/events/6747234581809913856/",2021-01-15,2021-01-15
"Data Science - the Skill of the Future","https://www.linkedin.com/events/6752861165468155904/",2021-01-15,2021-01-15
"Free Webinar ""e-Sports the unstoppable billion-dollar industry""","https://www.linkedin.com/events/6745642841151676416/",2021-01-15,2021-01-15
"Free Webinar e-Sports the unstoppable billion-dollar industry","https://www.linkedin.com/events/6745642841151676416/",2021-01-15,2021-01-15
"Future of Data Meetup: Apache YuniKorn: Cloud-native Resource Scheduling","https://www.linkedin.com/events/6744738925241270272/",2021-01-15,2021-01-15
"How to Acquire new Language Students Online","https://www.linkedin.com/events/6747478190635143169/",2021-01-15,2021-01-15
"Improving Profit Margin Analytics with Resource Consumption Accounting","https://www.linkedin.com/events/6752642260376068096/",2021-01-15,2021-01-15
"Innovate Your Business Or Die","https://www.linkedin.com/events/6745590429980352512/",2021-01-15,2021-01-15
"INTRODUCTION TO PARALEGAL SERVICES","https://www.linkedin.com/events/6753714795834327040/",2021-01-15,2021-01-15
"Join Perfect Corp. @CES 2021 to Discover The Latest Beauty Tech","https://www.linkedin.com/events/6749894344205045760/",2021-01-11,2021-01-15
"Positive Thought Alliance conference","https://www.linkedin.com/events/6750257690565521408/",2021-01-15,2021-01-15
"Retail Innovation Week 2021","https://www.linkedin.com/events/6727314682450972672/",2021-01-11,2021-01-15
"So...What's Next?- CIOs Outlook For Tech 2021","https://www.linkedin.com/events/6740524853633404929/",2021-01-15,2021-01-15
"Women In STEM: A Loblaw Virtual Summit","https://www.linkedin.com/events/6728064506888548352/",2021-01-15,2021-01-15
"<e8>me Session des entretiens - Master Sp<e9>cialis<e9> Data Engineering-EHTP","https://www.linkedin.com/events/6751144588133613568/",2021-01-16,2021-01-16
"2 <e8>me Session des entretiens - Master Sp<e9>cialis<e9> Data Engineering-EHTP","https://www.linkedin.com/events/6751144588133613568/",2021-01-16,2021-01-16
"Be the Generation to Risk It All Conference","https://www.linkedin.com/events/6753415073512902656/",2021-01-16,2021-01-16
"CafeTele - 5G mmWave Propagation - Guest Expert Series","https://www.linkedin.com/events/6747139412066394112/",2021-01-16,2021-01-16
"Frictionless Data Science: Making the tools work for you!","https://www.linkedin.com/events/6744513278455648256/",2021-01-16,2021-01-16
"UNLOCKING THE DIGITAL SPACE ECONOMY w/ NewSpace NYC","https://www.linkedin.com/events/6750031703386968064/",2021-01-15,2021-01-16
"Attend The ""Evolving Men of Color"" Virtual Summit on Jan 16th","https://www.linkedin.com/events/6747740779256590337/",2021-01-16,2021-01-17
"STORMS AND MIRACLES - A Virtual Global Crusade with Dr Brave Mic","https://www.linkedin.com/events/6739848205778923520/",2021-01-17,2021-01-17
"The UofT AI Conference","https://www.linkedin.com/events/6724809278256881664/",2021-01-15,2021-01-17
"Certified Data Scientist","https://www.linkedin.com/events/6745183605766574081/",2021-01-13,2021-01-18
"Webinar: AI PM at Startup VS at Scale by Facebook Product Lead","https://www.linkedin.com/events/6721762282142998529/",2021-01-18,2021-01-18
"Advanced tips & tricks - Skyrocket your Productivity with Microsoft Outlook","https://www.linkedin.com/events/6709397344795860992/",2021-01-19,2021-01-19
"AI in Production: Combatting Banking Fraud in Real-Time","https://www.linkedin.com/events/6741610865616805888/",2021-01-19,2021-01-19
"Bid Responsibly: Content Data and Training to Win More in the U.K.","https://www.linkedin.com/events/6754628090955223040/",2021-01-19,2021-01-19
"Book launch: From Environmental to Ecological Law (Routledge 2021)","https://www.linkedin.com/events/6753095086290030592/",2021-01-19,2021-01-19
"Cerence In Motion","https://www.linkedin.com/events/6744308944514224128/",2021-01-19,2021-01-19
"CPO Mastery Conference | Learn from CPOs of Google Uber Etsy InVision <U+0001F680>","https://www.linkedin.com/events/6752250011570053120/",2021-01-19,2021-01-19
"Data Privacy & Protection Made Simple","https://www.linkedin.com/events/6753214678463336449/",2021-01-19,2021-01-19
"Drivers of Responsible Sourcing - RE-SOURCING Virtual Conference","https://www.linkedin.com/events/6736655984212676608/",2021-01-18,2021-01-19
"Emotional Intelligence: Building Resilience and Confidence","https://www.linkedin.com/events/6745716515577896960/",2021-01-19,2021-01-19
"Energy Talk | The controversal role of AI in the energy transition","https://www.linkedin.com/events/6747086589391855617/",2021-01-19,2021-01-19
"Energy Talk | The controversial role of AI in the energy transition","https://www.linkedin.com/events/6747086589391855617/",2021-01-19,2021-01-19
"ESM<U+0097>Fast Track to Business Resilience","https://www.linkedin.com/events/6740586185636253696/",2021-01-19,2021-01-19
"J<U+0092>s Code Challenge ~ Reach a fast pass to get hired in Japan ~","https://www.linkedin.com/events/6744516929131831296/",2021-01-13,2021-01-19
"Law and economics of framework agreements: designing flexible solutions for","https://www.linkedin.com/events/6755049879774498817/",2021-01-19,2021-01-19
"Leadership in the Digital Age - Pivot your business","https://www.linkedin.com/events/6746794285057744896/",2021-01-19,2021-01-19
"RE<U+0095>WORK Women in AI Virtual","https://www.linkedin.com/events/6735151680989528064/",2021-01-19,2021-01-19
"Revenue Management Fundamentals","https://www.linkedin.com/events/6746852672244125697/",2021-01-19,2021-01-19
"Scaling Your IoT Solution In Times of Disruption","https://www.linkedin.com/events/6745009107331239936/",2021-01-19,2021-01-19
"Sleep Health Technology: Apps Wearables Nearables Big Data","https://www.linkedin.com/events/6752689180452777984/",2021-01-19,2021-01-19
"Strategic vs Financially driven Corporate Venture Capital -<U+0093>Right<U+0094>Approach?","https://www.linkedin.com/events/6749747734640689152/",2021-01-19,2021-01-19
"Terraform Cloud on AWS Virtual Workshop","https://www.linkedin.com/events/6745712298133872640/",2021-01-19,2021-01-19
"The Great World Law Debate","https://www.linkedin.com/events/6727103017172267008/",2021-01-19,2021-01-19
"VRT Live Webinar - How Digital Transformation Can Help Reduce OPEX","https://www.linkedin.com/events/6723940493694119936/",2021-01-19,2021-01-19
"Webinar: AI & ML Product Management by Google Product Lead","https://www.linkedin.com/events/6735178829456785408/",2021-01-19,2021-01-19
"5 Steps to Unshakable Self-Confidence: Women fearing career change","https://www.linkedin.com/events/6752943778836844544/",2021-01-20,2021-01-20
"A.R.I. Wednesday Webinar Series: From the NFL to Venture Capital","https://www.linkedin.com/events/6746950461636575232/",2021-01-20,2021-01-20
"Adopteq Webinars 2: Exposing Microsoft 365 and Teams Usage Analytics","https://www.linkedin.com/events/6749351819815776256/",2021-01-20,2021-01-20
"CyRAACS<U+0099> Webinar: How good is your Container Security?","https://www.linkedin.com/events/6751733664830382081/",2021-01-20,2021-01-20
"DevOps Online Interactive Training | Weekend Batch","https://www.linkedin.com/events/6751799516892073984/",2021-01-20,2021-01-20
"DIM ELICIT Colloquium - Innovative Technologies to fight SARS-Cov-2","https://www.linkedin.com/events/6749254356245204992/",2021-01-20,2021-01-20
"FinOps & AWS - Effective Cloud Cost Optimization","https://www.linkedin.com/events/6753342403937222656/",2021-01-20,2021-01-20
"FRACTURE ANALYTICS - AGENDA 2021","https://www.linkedin.com/events/6746899024428773377/",2021-01-20,2021-01-20
"FREE Webinar: Join the Data Science Squad & Learn from Experts!","https://www.linkedin.com/events/6752505584320299008/",2021-01-20,2021-01-20
"Freedom Seminar","https://www.linkedin.com/events/6752700622434312192/",2021-01-20,2021-01-20
"Future Automation Ready Webinar Series","https://www.linkedin.com/events/6737922471355326464/",2021-01-20,2021-01-20
"GLOBAL LIVESTREAM: MegaTrends & Trailblazers","https://www.linkedin.com/events/6753011312814649345/",2021-01-19,2021-01-20
"Graduate 2021 Virtual Career Fair","https://www.linkedin.com/events/6739107939153428480/",2021-01-20,2021-01-20
"How to Harness the Digital Transformation in the COVID Era","https://www.linkedin.com/events/6750329234549477376/",2021-01-20,2021-01-20
"HOW TO MANAGE YOUR NON-PERMANENT WORKFORCE WITH JUST ONE EASY SOLUTION.","https://www.linkedin.com/events/6740162492082749440/",2021-01-20,2021-01-20
"Hub AI Talks: L<e9>onard van Rompaey on Robot Law","https://www.linkedin.com/events/6753291050774790144/",2021-01-20,2021-01-20
"Improving the Speed and Accuracy of Fraud Identification using AI","https://www.linkedin.com/events/6752912390662172672/",2021-01-20,2021-01-20
"India Digital Summit 2021","https://www.linkedin.com/events/6740146401721774080/",2021-01-19,2021-01-20
"Info Session ""Leading High Performance Teams in the Digital Age""","https://www.linkedin.com/events/6753254392855576576/",2021-01-20,2021-01-20
"Intergenerational Trauma Conference 2021- Virtual Event","https://www.linkedin.com/events/6717738773129510912/",2021-01-19,2021-01-20
"Intro to Art Therapy","https://www.linkedin.com/events/6749745744007241728/",2021-01-20,2021-01-20
"Life after Brexit: Key financial and employment law changes","https://www.linkedin.com/events/6754350123913908224/",2021-01-20,2021-01-20
"Oracle & Microsoft - Negotiation Clinic","https://www.linkedin.com/events/6731876367253688320/",2021-01-20,2021-01-20
"Protecting High-value Data Subjects And Their Data","https://www.linkedin.com/events/6747208336040693760/",2021-01-20,2021-01-20
"Tech Trends 2021 - A guide for SMEs","https://www.linkedin.com/events/6739136148104331264/",2021-01-20,2021-01-20
"UAE-Israel-Bahrain Trade Forum","https://www.linkedin.com/events/6728956085035704320/",2021-01-19,2021-01-20
"UAE-Israel-Bahrain Trade Forum - Virtual: Jan 19 '21 - Physical: May '21","https://www.linkedin.com/events/6728956085035704320/",2021-01-19,2021-01-20
"VWT | Los Angeles Edition - Thom Mayne & Michael Maltzan","https://www.linkedin.com/events/6751419505894838272/",2021-01-20,2021-01-20
"Webinar: Hopsworks Feature Store on Azure","https://www.linkedin.com/events/6742718712584966144/",2021-01-20,2021-01-20
"(CIO) IT Leadership (West Coast)","https://www.linkedin.com/events/6747210203336335360/",2021-01-21,2021-01-21
"*ESG... easy as 1-2-3!* Webinar: one with you - 01/2021","https://www.linkedin.com/events/6742373103063572480/",2021-01-21,2021-01-21
"[Free Live Masterclass] NEGOTIATING IN A VIRTUAL WORLD","https://www.linkedin.com/events/6750071676920307712/",2021-01-21,2021-01-21
"2021 Social Media Amplification Tricks for US Companies Under 500 Employees","https://www.linkedin.com/events/6747149012996120576/",2021-01-21,2021-01-21
"A NEUROSCIENCE OF LEADERSHIP: YOUR IMPACT RESULTS & REPUTATION AS A LEADER","https://www.linkedin.com/events/6747338397704040448/",2021-01-21,2021-01-21
"Automotive Management Live Virtual","https://www.linkedin.com/events/6737374340301516800/",2021-01-20,2021-01-21
"B2B Forum on SmartIndustry","https://www.linkedin.com/events/6743086522423091200/",2021-01-20,2021-01-21
"Building a Successful Startup in the Virtual Era","https://www.linkedin.com/events/6742861779640180736/",2021-01-21,2021-01-21
"Business Basics for Artists with Center for Art Law","https://www.linkedin.com/events/6754808830984511488/",2021-01-21,2021-01-21
"CCTP Exam Preparatory Course towards CCTP credential","https://www.linkedin.com/events/6751747598547320832/",2021-01-19,2021-01-21
"Clean Energy for America Inaugural Ball","https://www.linkedin.com/events/6749439866527891456/",2021-01-21,2021-01-21
"Clincial.AI Contextual Lake - The Future of Healthcare Automation","https://www.linkedin.com/events/6754943201544675329/",2021-01-21,2021-01-21
"Computational branding: The math behind telling a better story","https://www.linkedin.com/events/6742311175020670977/",2021-01-21,2021-01-21
"Emotional Intelligence for Leaders - Online Course Launch","https://www.linkedin.com/events/6744232330266734592/",2021-01-19,2021-01-21
"Enable Accelerated Business Data Analytics with Snowflake and Matillion","https://www.linkedin.com/events/6753282237082468352/",2021-01-21,2021-01-21
"Enhance communication in Agile Teams with Neuro Linguistic Programming(NLP)","https://www.linkedin.com/events/6742825306526244864/",2021-01-21,2021-01-21
"Fintech Retreat 2021","https://www.linkedin.com/events/6712038867303772160/",2021-01-19,2021-01-21
"Future of Digital Supply Chain in a Post-COVID world 3.0","https://www.linkedin.com/events/6744572354078343168/",2021-01-21,2021-01-21
"IDC Directions 2021 META","https://www.linkedin.com/events/6752504298158010368/",2021-01-21,2021-01-21
"IGW Digital 2021","https://www.linkedin.com/events/6739477479142014976/",2021-01-20,2021-01-21
"JP Morgan Health Week in Review","https://www.linkedin.com/events/6746915512334266368/",2021-01-21,2021-01-21
"Managing AI Governance with IBM Watson Webinar","https://www.linkedin.com/events/6722676185601581056/",2021-01-21,2021-01-21
"Managing AI Governance with IBM Watson: LIVE Demo","https://www.linkedin.com/events/6722676185601581056/",2021-01-21,2021-01-21
"Modernize your DW and unlock Intelligent Insights with BigQuery and Looker","https://www.linkedin.com/events/6754394149450985472/",2021-01-21,2021-01-21
"Omaha Azure User Group Meeting - January'2021 - 1","https://www.linkedin.com/events/6752806627973431296/",2021-01-21,2021-01-21
"Responsible AI: Meaningful human control of AI","https://www.linkedin.com/events/6752923110502100992/",2021-01-21,2021-01-21
"Rethinking Retail with IoT Webinar","https://www.linkedin.com/events/6744457055970705408/",2021-01-21,2021-01-21
"SAP on Azure Immersion Workshop","https://www.linkedin.com/events/6730173968063492096/",2021-01-21,2021-01-21
"Simplifying the Journey to Industry 4.0 through <U+0091>Connected X as a Service<U+0092>","https://www.linkedin.com/events/6742424974172139520/",2021-01-21,2021-01-21
"Start the New Year with Unit Testing and Test Driven Development","https://www.linkedin.com/events/6752569846875086848/",2021-01-21,2021-01-21
"Towards Responsible AI for Disaster Risk Management","https://www.linkedin.com/events/6753341551281369088/",2021-01-21,2021-01-21
"Webinar Digital Transformation for Smart Laboratories","https://www.linkedin.com/events/6740173094830374912/",2021-01-21,2021-01-21
"Webinar: Best of Both Worlds: Achieving Seamless Migration of SAP on Azure","https://www.linkedin.com/events/6737326278711611392/",2021-01-21,2021-01-21
"Webinar: The <U+0091>Cold Economy<U+0092>: A New Approach to Cooling","https://www.linkedin.com/events/6743990672736452608/",2021-01-21,2021-01-21
"YPO Presents Ask the Experts-CES Edition","https://www.linkedin.com/events/6746875789725208576",2021-01-21,2021-01-21
"2021 ASCEND Agency Growth & Leadership Conference","https://www.linkedin.com/events/6735261992698822656/",2021-01-20,2021-01-22
"2021 State of the Chapter Meeting","https://www.linkedin.com/events/6746937972509286400/",2021-01-22,2021-01-22
"AMA in the PM: How to Be An Accomplice vs. An Ally to Your Black Coworkers","https://www.linkedin.com/events/6749521413935288320/",2021-01-21,2021-01-22
"AMPdr<U+0099> DOCLive Kick-off Series Dr. Tomoko Maeda-Chubachi (USA)","https://www.linkedin.com/events/6747537984914124800/",2021-01-22,2021-01-22
"Building and Managing Advanced Analytics & AI Teams","https://www.linkedin.com/events/6755604768271433728/",2021-01-21,2021-01-22
"CRM Requirements Quiver Of 300+ Arrows","https://www.linkedin.com/events/6752944281176051712/",2021-01-22,2021-01-22
"EPR live interactive session on <U+0093>India<U+0092>s Solar Outlook 2021<U+0094>","https://www.linkedin.com/events/6754417072702271488/",2021-01-22,2021-01-22
"Financial Liberation Fintech and Black Communities w/ Calvin Williams Jr.","https://www.linkedin.com/events/6741863054285316096/",2021-01-22,2021-01-22
"First-Generation Law Student Experiences - Mentor in Law","https://www.linkedin.com/events/6743211916812017664/",2021-01-22,2021-01-22
"Global Online Speed Networking 22 Jan 2021","https://www.linkedin.com/events/6748307073429254144/",2021-01-22,2021-01-22
"Graphite HRM Annual HR & Employment Law Conference 2021","https://www.linkedin.com/events/6725000173396754435/",2021-01-22,2021-01-22
"Healthcare<U+0092>s New Delivery Models Post COVID Series","https://www.linkedin.com/events/6734870031005450240/",2021-01-22,2021-01-22
"How Robotics and AI Are Impacting Healthcare System","https://www.linkedin.com/events/6722671581203709952/",2021-01-22,2021-01-22
"INVESTIGATION ROOT CAUSE ANALYSIS RISK ASSESSMENT & CAPA","https://www.linkedin.com/events/6746683187520532480/",2021-01-21,2021-01-22
"Master Class 0 Introduction to NLP","https://www.linkedin.com/events/6752236874284220417/",2021-01-22,2021-01-22
"Tsinghua Seminar: When Does Knowledge Sharing Lead to Knowledge Production?","https://www.linkedin.com/events/6747739190995378176/",2021-01-22,2021-01-22
"Vision 2021: Dream It. Design It. Do It.","https://www.linkedin.com/events/6745370625965121537/",2021-01-22,2021-01-22
"Walmart AI Summit 2021","https://www.linkedin.com/events/6753340059912556544/",2021-01-21,2021-01-22
"What<U+0092>s IoT got to do with AV?","https://www.linkedin.com/events/6752840636979929088/",2021-01-22,2021-01-22
"Certified VMF 1 Course","https://www.linkedin.com/events/6742112896353898496/",2021-01-01,2021-01-23
"College Education & Entertainment Summit 2021","https://www.linkedin.com/events/6749429470584827904/",2021-01-22,2021-01-23
"DivSpace 2021 - Waves toward the Change","https://www.linkedin.com/events/6750356692506087424/",2021-01-23,2021-01-23
"Endorsing You As AI Pro in 2021 !","https://www.linkedin.com/events/6753351354686808065/",2021-01-23,2021-01-23
"Introdu<e7><e3>o <e0> DIGITAL SUPPLY CHAIN @Udemy.com (Curso Online em Ingl<ea>s)","https://www.linkedin.com/events/6669726783048302592/",2021-01-23,2021-01-23
"Introduction to Digital Supply Chain @ Udemy.com","https://www.linkedin.com/events/6669726783048302592/",2021-01-23,2021-01-23
"Join Free KCs Virtual Edu Expo from 19th to 23rd Jan 21","https://www.linkedin.com/events/6752192073887313920/",2021-01-19,2021-01-23
"UBC BizTech: Blueprint Conference 2021","https://www.linkedin.com/events/6752036977455042560/",2021-01-23,2021-01-23
"Hands-on NLP Workshop: Sentiment Analysis and Question Answering","https://www.linkedin.com/events/6755134380848529408/",2021-01-23,2021-01-24
"McGill SCS PowerSkills Next Level Career Virtual Summit 2021","https://www.linkedin.com/events/6752730915161686018/",2021-01-21,2021-01-24
"Online Training Festival","https://www.linkedin.com/events/6735964158363267072/",2021-01-18,2021-01-24
"Abbott & Kindermann Annual Land Use Law Conference (Virtual)","https://www.linkedin.com/events/6740715793413218304/",2021-01-21,2021-01-25
"EPIC Meeting - Commercial Challenges for Photonics as 5G Booms","https://www.linkedin.com/events/6747846855876591616/",2021-01-25,2021-01-25
"How to preserve innovation and competition in the EU digital economy?","https://www.linkedin.com/events/6753256649328275456/",2021-01-25,2021-01-25
"NEXT-GENERATION SAP ENTERPRISE ARCHITECT VIRTUAL CONFERENCE FEB. 23-252021","https://www.linkedin.com/events/6745734916543258624/",2021-01-23,2021-01-25
"Conquer Every Cloud","https://www.linkedin.com/events/6753034821817135104/",2021-01-26,2021-01-26
"Empowering Data Scientists with MLOps","https://www.linkedin.com/events/6752533414353620992/",2021-01-26,2021-01-26
"Getting Started with Outbound BD for Law Firms","https://www.linkedin.com/events/6754908964162543616/",2021-01-26,2021-01-26
"Global PropTech Network Unleashed #2","https://www.linkedin.com/events/6742390514676576256/",2021-01-26,2021-01-26
"Hotel Trends & Strategies to Fast-Track Recovery in 2021","https://www.linkedin.com/events/6749657425038585856/",2021-01-26,2021-01-26
"Microsoft OneNote <U+0096> Your Secret Productivity Weapon","https://www.linkedin.com/events/6709399376634142720/",2021-01-26,2021-01-26
"Oil & Gas Data Science Series: Machine Learning on Digital Hub","https://www.linkedin.com/events/oil-gasdatascienceseries-machin6753027282165739520/",2021-01-26,2021-01-26
"Privacy Around the Globe: Ghana","https://www.linkedin.com/events/6745091986153328640/",2021-01-26,2021-01-26
"The First EdTech Cohort Reveal","https://www.linkedin.com/events/6755124927910699008/",2021-01-26,2021-01-26
"""So...What's Next?"" CIOs Outlook For Tech 2021","https://www.linkedin.com/events/6740524853633404929/",2021-01-27,2021-01-27
"AML & FinCrime Tech Forum - Virtual 26-27 January","https://www.linkedin.com/events/6737793969062744064/",2021-01-26,2021-01-27
"Cyber Security Tactics to Master Offensive Defensive Strategies Against All","https://www.linkedin.com/events/6752906212972478464/",2021-01-27,2021-01-27
"Digiworkz Webinar: Why 2021 is the Year for Collaboration.","https://www.linkedin.com/events/6755066337153843200/",2021-01-27,2021-01-27
"Embedded Innovation Week: Winter Edition","https://www.linkedin.com/events/6745019649496252416/",2021-01-25,2021-01-27
"Financial Data Retrieval with Forecasting and Analyzing Stock Prices","https://www.linkedin.com/events/6751928959497318400/",2021-01-27,2021-01-27
"FinTech-Aviv Annual Job Fair","https://www.linkedin.com/events/6750120457074155520/",2021-01-27,2021-01-27
"Free Webinar - ICI's Certificates in Competitive and Market Intelligence","https://www.linkedin.com/events/6744959280933425152/",2021-01-27,2021-01-27
"From Brand Owner to Converter: ""The Gains of a Connected Ecosystem""","https://www.linkedin.com/events/6744287909890916352/",2021-01-27,2021-01-27
"From Brand Owner to Converter: The Gains of a Connected Ecosystem","https://www.linkedin.com/events/6744287909890916352/",2021-01-27,2021-01-27
"Future of Fraud Management for Businesses","https://www.linkedin.com/events/6744564881833500672/",2021-01-27,2021-01-27
"Greater Toronto Virtual Job Fair - Wednesday January 27th 2021","https://www.linkedin.com/events/6717506027325132800/",2021-01-27,2021-01-27
"Helsinki Data Science Meet-up @ Analytics Goes People Flow","https://www.linkedin.com/events/6751815214989115392/",2021-01-27,2021-01-27
"HR and Employment Law: The Post-Pandemic Workplace","https://www.linkedin.com/events/6740241473746341888/",2021-01-27,2021-01-27
"IMTEX Connect 2021","https://www.linkedin.com/events/6747031285434331136/",2021-01-21,2021-01-27
"Kansas City Startups to Watch in 2021","https://www.linkedin.com/events/6751887353968640001/",2021-01-27,2021-01-27
"Stratigraphic and Reservoir Challenges with Triassic Plays in the North Sea","https://www.linkedin.com/events/6737405618606489600/",2021-01-26,2021-01-27
"Virtual Career Summit","https://www.linkedin.com/events/6730410434924490753/",2021-01-26,2021-01-27
"CONNECTIONS DIGITAL NEW YORK","https://www.linkedin.com/events/6721810670020505602/",2021-01-28,2021-01-28
"Contingent Staffing Virtual Summit & Expo","https://www.linkedin.com/events/6727288907798454272/",2021-01-26,2021-01-28
"Conversational AI - The Future of Digital Customer Service","https://www.linkedin.com/events/6752256416083431424/",2021-01-28,2021-01-28
"Data Privacy Day Web Conference Registration by MSI UCAC","https://www.linkedin.com/events/6753406434140028930/",2021-01-28,2021-01-28
"Data Science & Artificial Intelligence Online Workshop","https://www.linkedin.com/events/6745019418264309760/",2021-01-16,2021-01-28
"Digital Fashion Week 2021 - Winter Edition","https://www.linkedin.com/events/6724966677097811968/",2021-01-26,2021-01-28
"Digital Inclusion For All","https://www.linkedin.com/events/6749617853353230336/",2021-01-26,2021-01-28
"EXPO DAY: Fintech Europe","https://www.linkedin.com/events/6726587808103833600/",2021-01-27,2021-01-28
"Food Safety Europe 2021","https://www.linkedin.com/events/6726548723595309057/",2021-01-28,2021-01-28
"HEALTH TECH 2.0 - Virtual conference about the future of health technology","https://www.linkedin.com/events/6752937759138189312/",2021-01-28,2021-01-28
"Investor Hot Seat","https://www.linkedin.com/events/6743374940743061504/",2021-01-28,2021-01-28
"KiwiTech's Online Demo Day - FinTech","https://www.linkedin.com/events/6745424140477509632/",2021-01-28,2021-01-28
"Legal Resource Network - Cyber Security for Law/Accounting Firms & clients","https://www.linkedin.com/events/6746812133289410560/",2021-01-27,2021-01-28
"Machine Learning Lifecycle 2021 Conference","https://www.linkedin.com/events/6747515590954618880/",2021-01-26,2021-01-28
"Machine Learning Lifecycle 2021 Conference Jan 26th-28th","https://www.linkedin.com/events/6747515590954618880/",2021-01-26,2021-01-28
"Machine Learning Lifecycle 2021 Conference, Jan 26th-28th","https://www.linkedin.com/events/6747515590954618880/",2021-01-26,2021-01-28
"RE-WORK Deep Learning 2.0 Virtual Summit","https://www.linkedin.com/events/6681280828397363200/",2021-01-28,2021-01-28
"RE<U+0095>WORK Deep Learning 2.0 Virtual Summit","https://www.linkedin.com/events/6681280828397363200/",2021-01-28,2021-01-28
"The 2021 California Employment Law Update By PIHRA","https://www.linkedin.com/events/6731993861796708353/",2021-01-27,2021-01-28
"The 2021 California Employment Law Update By PIHRA","https://www.linkedin.com/events/6731993861796708353/",2021-01-27,2021-01-28
"The Executive Assistant Masterclass 2021 [Online Edition]","https://www.linkedin.com/events/6727166369063936000/",2021-01-28,2021-01-28
"The Personality of Success","https://www.linkedin.com/events/6740287787884453889/",2021-01-28,2021-01-28
"The Personality of Success","https://www.linkedin.com/events/6740287787884453889/",2021-01-28,2021-01-28
"Turning point cloud data into powerful insights for urban planning","https://www.linkedin.com/events/6745645332836716544/",2021-01-28,2021-01-28
"Business Data Analytics","https://www.linkedin.com/events/6736702742212952064/",2021-01-29,2021-01-29
"Career Week","https://www.linkedin.com/events/6752444743461982208/",2021-01-25,2021-01-29
"CERTIFICATION TRAINING IN ETHICAL HACKING","https://www.linkedin.com/events/6749315621214851072/",2021-01-25,2021-01-29
"Expanding Indications Under Open INDs-Regulatory and Product Development","https://www.linkedin.com/events/6752256080648159232/",2021-01-28,2021-01-29
"Generative Models Stage - part of the Deep Learning 2.0 Virtual Summit","https://www.linkedin.com/events/6681278961613316096/",2021-01-28,2021-01-29
"Hvilke utfordringer kan samtalebasert reklame l<f8>se for annons<f8>rene?","https://www.linkedin.com/events/6746771140410122240/",2021-01-29,2021-01-29
"MACHathon","https://www.linkedin.com/events/6744258288176771072/",2021-01-22,2021-01-29
"Mexico Health Summit 2020/21 - Virtual Edition","https://www.linkedin.com/events/6732662895366205440/",2021-01-27,2021-01-29
"Midwest Build Week Online - Free to Attend - Virtual Event","https://www.linkedin.com/events/6714162101088227328/",2021-01-25,2021-01-29
"NLP Modeling finding the structure of excellence <U+0096> with Judith DeLozier","https://www.linkedin.com/events/6750088291829256192/",2021-01-29,2021-01-29
"Reinforcement Learning Stage - Deep Learning 2.0 Virtual Summit","https://www.linkedin.com/events/6681282615699349504/",2021-01-28,2021-01-29
"The Davos Agenda","https://www.linkedin.com/events/6752963154826813440/",2021-01-25,2021-01-29
"Webinar: Centralised Vibration-based Condition Monitoring of Machines","https://www.linkedin.com/events/6746810653111017472/",2021-01-29,2021-01-29
"World Staffing Summit 2021","https://www.linkedin.com/events/6739589842830811136/",2021-01-28,2021-01-29
"4th Annual Future of Medicine and Surgery Conference","https://www.linkedin.com/events/6743266577463959552/",2021-01-30,2021-01-30
"SQL Server Virtual Conference","https://www.linkedin.com/events/6746114562665308162/",2021-01-29,2021-01-30
"The Coatings & Corrosion E-show 2020","https://www.linkedin.com/events/6668953190593024000/",2021-01-28,2021-01-30
"3rd International Saliva Summit of India (SALSI) 2021","https://www.linkedin.com/events/6742018694152634368/",2021-01-29,2021-01-31
"Beirut AI Bootcamp <U+0001F680>","https://www.linkedin.com/events/6744675317006258176/",2021-01-25,2021-01-31
"Expedition Sailing Virtual Boat Show / FREE!!!","https://www.linkedin.com/events/6719180307519594496/",2021-01-26,2021-01-31
"Nonwoven Tech Expo (2nd Edition)","https://www.linkedin.com/events/6738359101539004416/",2021-01-25,2021-01-31
"Women in Data Science (WiDS) Buffalo","https://www.linkedin.com/events/6752110408905064449/",2021-01-30,2021-01-31
"Women in Data Science (WiDS) Worldwide Conference","https://www.linkedin.com/events/6752110408905064449/",2021-01-30,2021-01-31
"1st Nigeria Hydrocarbon Measurement Conference","https://www.linkedin.com/events/6744682697219694593/",2021-02-02,2021-02-02
"Webinar: Product Management from Machine Learning Lens by Expedia Sr PM","https://www.linkedin.com/events/6732969803918655488/",2021-02-02,2021-02-02
"[LIVE-SESSION] The digital future is now - let<U+0092>s shape it | Telekom & Bosch","https://www.linkedin.com/events/6745273587256590336/",2021-02-03,2021-02-03
"Combine Machine Learning and Predictive Analytics to make better decisions","https://www.linkedin.com/events/6740061211519520768/",2021-02-03,2021-02-03
"Cyber Security Exchange Malaysia 2021","https://www.linkedin.com/events/6749504783780073473/",2021-02-02,2021-02-03
"Future of Chatbots & Conversational AI","https://www.linkedin.com/events/6735815752437370880/",2021-02-03,2021-02-03
"#NEXTFinTech DEMO DAY","https://www.linkedin.com/events/6752228652517244928/",2021-02-04,2021-02-04
"AI Business Week","https://www.linkedin.com/events/6736655965409566720/",2021-02-01,2021-02-04
"Brexit and Beyond: Key Changes to Employment Law","https://www.linkedin.com/events/6747824060782252033/",2021-02-04,2021-02-04
"DataOps Champions Online","https://www.linkedin.com/events/6743189298448805888/",2021-02-02,2021-02-04
"GRAIN TECH BANGLADESH - Online/Virtual Edition Exhibition & Conference","https://www.linkedin.com/events/6718877597155106816/",2021-02-01,2021-02-04
"Understanding of Transaction Processing (Virtual Seminar)","https://www.linkedin.com/events/6739133623309500416/",2021-02-01,2021-02-04
"Virtual Zurich Life Science Day 2021","https://www.linkedin.com/events/6727242513297502208/",2021-02-04,2021-02-04
"Vitafoods Asia Digital Week 2021","https://www.linkedin.com/events/6732945496928854016/",2021-02-01,2021-02-04
"BIG DATA ANALYTICS FOR BUSINESS MASTERCLASS TRAINING","https://www.linkedin.com/events/6742144416032681984/",2021-02-03,2021-02-05
"FutureX Social with Isabella Convertini | what3words","https://www.linkedin.com/events/6754773013658390528/",2021-02-05,2021-02-05
"Human Resources Metrics and Analytics Master Class","https://www.linkedin.com/events/6740535097893650432/",2021-02-05,2021-02-05
"Human Resources Metrics and Analytics Master Class","https://www.linkedin.com/events/6740535097893650432/",2021-02-05,2021-02-05
"Introduction to Python Programming Course - Global AI Hub","https://www.linkedin.com/events/6753284276504080384/",2021-02-01,2021-02-05
"Lean Six sigma Black Belt course (Training & Certification)","https://www.linkedin.com/events/6727176168258318336/",2021-01-25,2021-02-05
"POLITICO's EU Studies and Career Fair 2021 - Online edition","https://www.linkedin.com/events/6744915475848855552/",2021-02-04,2021-02-05
"THE EUROPEAN CHATBOT & CONVERSATIONAL AI - <U+0001F4AF> % VIRTUAL & ONLINE","https://www.linkedin.com/events/6693523762207326208/",2021-02-04,2021-02-05
"First Ever Virtual Career Fair in Myanmar powered by MyJobs","https://www.linkedin.com/events/6750011661823938560/",2021-02-06,2021-02-07
"TEDxSereneMeadows 2021: Made In Lockdown","https://www.linkedin.com/events/6751108371455234048/",2021-02-07,2021-02-07
"Online-Lab BigData and Databases der Hochschule Albstadt-Sigmaringen","https://www.linkedin.com/events/6720261672369446912/",2021-01-12,2021-02-09
"UK Webinar: Patient-Level Costing: Analytics Benchmarking & Reporting","https://www.linkedin.com/events/6744919662854713344/",2021-02-09,2021-02-09
"Leeds as a digital city - Eve Roodhouse","https://www.linkedin.com/events/6744900097282252800/",2021-02-10,2021-02-10
"Sthlm Fintech Week 2021","https://www.linkedin.com/events/6752897004059328513/",2021-02-09,2021-02-10
"Future Compute: A Virtual Conference","https://www.linkedin.com/events/6747628182293233664/",2021-02-10,2021-02-11
"Harnessing the Power of Stream Processing: Adopting Apache Flink","https://www.linkedin.com/events/6745387771436797952/",2021-02-11,2021-02-11
"(FEB 8-12 2021)(LVT)Certified Artificial Intelligence Practitioner (CAIP<U+00AE>)","https://www.linkedin.com/events/6736213297281949696/",2021-02-08,2021-02-12
"Business Leadership Skills: Resolving Team Conflicts Effectively","https://www.linkedin.com/events/6735082240495128576/",2021-02-12,2021-02-12
"Collaborative Enterprise Planning in SAP Analytics Cloud with JustPerform","https://www.linkedin.com/events/6744529772652707840/",2021-02-12,2021-02-12
"Mexico Mining Forum 2021 - Virtual Edition","https://www.linkedin.com/events/6732347428340666368/",2021-02-10,2021-02-12
"Upstream Digital Transformation Conference EU 2021","https://www.linkedin.com/events/6732240003033792512/",2021-02-08,2021-02-12
"Codegen 2021","https://www.linkedin.com/events/6751940290396905472/",2021-02-13,2021-02-13
"Masterclass: Non-Academic Skills for Science","https://www.linkedin.com/events/6748665572390690816/",2021-02-13,2021-02-14
"EX VENTURE NIGHT BEST OF USA & CANADA 2021","https://www.linkedin.com/events/6705014480671272960/",2021-02-16,2021-02-16
"Social Media Analytics Bootcamp - Online one-day training","https://www.linkedin.com/events/6730150757036777472/",2021-02-16,2021-02-16
"Accelerating Digital Transformation in a Post-COVID World","https://www.linkedin.com/events/6671451209603301376/",2021-02-08,2021-02-17
"AI & Big Data Workshop med Mechatronics Innovation Lab","https://www.linkedin.com/events/6730429145173524480/",2021-02-17,2021-02-17
"COVID a Catalyst for Change 8: Future Models of Care & Health Consumerism","https://www.linkedin.com/events/6752740043015778304/",2021-02-18,2021-02-18
"Machine Learning in Finance","https://www.linkedin.com/events/6751857047349944320/",2021-02-16,2021-02-18
"THE NEW WORLD OF WORK - Assistants<U+0092> Ultimate Guide to Adapt & Thrive","https://www.linkedin.com/events/6702111269555621888/",2021-02-18,2021-02-18
"Virtual Summit: 2021 Digital Marketing Trends","https://www.linkedin.com/events/6741765366772465664/",2021-02-16,2021-02-18
"Windpower Data and Digital Innovation Forum","https://www.linkedin.com/events/6649086562736893952/",2021-02-17,2021-02-18
"Agile DevOps & Testing - The Evolving Scene","https://www.linkedin.com/events/6737681772441559040/",2021-02-18,2021-02-19
"Agile DevOps & Testing: The Evolving Scene","https://www.linkedin.com/events/6737681772441559040/",2021-02-18,2021-02-19
"AgriTech 4.0","https://www.linkedin.com/events/6718150011042983936/",2021-01-29,2021-02-19
"Machathon 2.0","https://www.linkedin.com/events/6733483604128604160/",2021-02-17,2021-02-19
"DeveloperWeek 2021","https://www.linkedin.com/events/6732006089363075072/",2021-02-17,2021-02-20
"Learning and Development Summit and Awards L&D Elysium 2021","https://www.linkedin.com/events/6740245622248534016/",2021-02-16,2021-02-20
"The 1st International Conference on Computing and Machine Intelligence","https://www.linkedin.com/events/6724592810449793024/",2021-02-19,2021-02-20
"3rd World Congress On Drug Discovery And Development 2021","https://www.linkedin.com/events/6749265660276219904/",2021-02-21,2021-02-21
"FREE CodeSparks<U+0092> Coding Lab - practice and improve your engineering skills!","https://www.linkedin.com/events/6752498550938112000/",2021-02-22,2021-02-22
"Analytics & Innovation Career Fair 2021","https://www.linkedin.com/events/6752652047704694784/",2021-02-23,2021-02-23
"AI in healthcare: From development to deployment Day 2","https://www.linkedin.com/events/6745070062379511808/",2021-02-24,2021-02-24
"Govern the Future Academy - Florida","https://www.linkedin.com/events/6734945551177129984/",2021-02-24,2021-02-24
"London Fintech Conference 2021: Startup Edition","https://www.linkedin.com/events/6751375014819332096/",2021-02-24,2021-02-24
"MarTech Virtual Summit 2021","https://www.linkedin.com/events/6722546914534952960/",2021-02-24,2021-02-24
"QRM Summit 2021 - Risk & Lifecycle Management Event on Pharma and Biopharma","https://www.linkedin.com/events/6752586768245174272/",2021-02-23,2021-02-24
"2021 Controlled & Modified Drug Release Virtual Summit","https://www.linkedin.com/events/6734891451521626112/",2021-02-24,2021-02-25
"Digital Transformation Summit Africa 2021 | Virtual Conference","https://www.linkedin.com/events/6744942622365880321/",2021-02-05,2021-02-25
"Machine Learning for Virtual Vehicle Development (CAE & VR)","https://www.linkedin.com/events/6742445343591464960/",2021-02-25,2021-02-25
"NEXT-GENERATION SAP ENTERPRISE ARCHITECT VIRTUAL CONFERENCE FEB. 23-252021","https://www.linkedin.com/events/6745734916543258624/",2021-02-23,2021-02-25
"Spray Drying: A holistic approach to reduce risks and timelines","https://www.linkedin.com/events/6750066545285726208/",2021-02-25,2021-02-25
"2021 Virtual Employment Law & Legislative Conference","https://www.linkedin.com/events/6752750253642006530/",2021-02-25,2021-02-26
"8th International Data Science Summit","https://www.linkedin.com/events/6752891742158163969/",2021-02-26,2021-02-27
"Deploy AI Customer Service in 4 Weeks (15 min One-on-One Session)","https://www.linkedin.com/events/6729082945803571200/",2021-02-28,2021-02-28
"Leadership Summit 2021: Women in Law","https://www.linkedin.com/events/6740636421754884096/",2021-02-25,2021-02-28
"EC Short Course Online - Digitization","https://www.linkedin.com/events/6751851970413264896/",2021-03-02,2021-03-02
"2021 ERA Virtual Conference","https://www.linkedin.com/events/6730275670796095488/",2021-03-01,2021-03-03
"1/6 Drug development with a focus on the changing health care environment","https://www.linkedin.com/events/6742013129238069248/",2021-01-12,2021-03-04
"Asset Tracking: how IoT brings transparency along the supply chain","https://www.linkedin.com/events/6744922768355164160/",2021-03-04,2021-03-04
"Chief Data & Analytics Officers Financial Services Live","https://www.linkedin.com/events/6743239341599993856/",2021-03-02,2021-03-04
"Global InsurTech Summit - Virtual 2-4 March","https://www.linkedin.com/events/6742483808282521600/",2021-03-02,2021-03-04
"Artificial Intelligence: How AI can be applied in Finance Mandarin Learning","https://www.linkedin.com/events/6683689314133573632/",2021-03-05,2021-03-05
"CHATBOT AFRICA & CONVERSATIONAL AI SUMMIT","https://www.linkedin.com/company/africa-chatbot-and-conventional-ai/",2021-03-04,2021-03-05
"CHATBOT AFRICA & CONVERSATIONAL AI SUMMIT- <U+0001F4AF> % VIRTUAL & ONLINE","https://www.linkedin.com/events/6693533884396642304/",2021-03-04,2021-03-05
"Int.Conf. on Advances in Materials Mechanics Mechatronics & Manufacturing","https://www.linkedin.com/events/6723603568194027520/",2021-03-06,2021-03-07
"MIT FinTech Conference 2021","https://www.linkedin.com/events/6728895889798164480/",2021-03-05,2021-03-07
"Women in Data Science (WiDS) Worldwide Conference","https://www.linkedin.com/events/6720337006536253440/",2021-03-08,2021-03-09
"H2 View Virtual Hydrogen Event 2021","https://www.linkedin.com/events/6730438590452637696/",2021-03-10,2021-03-10
"Top Skills for Assistants & Admins for the 2021 Workplace","https://www.linkedin.com/events/6702112655278178304/",2021-03-10,2021-03-10
"PDAC 2021 Convention","https://www.linkedin.com/events/6741715495298375680/",2021-03-08,2021-03-11
"THE EUROPEAN CHATBOT - IBEROAMERICAN EDITION<U+0001F4AF> % ONLINE & FREE","https://www.linkedin.com/events/6728028602073391104/",2021-03-10,2021-03-11
"6th Annual Innovation in Tunnels: Construction Maintenance Safety & Fire","https://www.linkedin.com/events/6634017928280932352/",2021-03-11,2021-03-12
"Digital Week Online - Spring 2021","https://www.linkedin.com/events/6735831571435266048/",2021-03-08,2021-03-12
"ITB Berlin 2021","https://www.linkedin.com/events/6684014372802715648/",2021-03-09,2021-03-12
"Mexico Energy Forum 2021 (Virtual Edition)","https://www.linkedin.com/events/6732080958348038144/",2021-03-10,2021-03-12
"SXSW EDU Online","https://www.linkedin.com/events/6737105407904374784/",2021-03-09,2021-03-12
"2021 Global Online Conference ""HR Innovation and Future of Work""","https://www.linkedin.com/events/6725150235166953473/",2021-03-08,2021-03-13
"International Women's Day Virtual Summit","https://www.linkedin.com/events/6753494815968759808/",2021-03-08,2021-03-13
"8th Digital Leadership Forum 2021 - virtual edition","https://www.linkedin.com/events/6745533496082644992/",2021-03-15,2021-03-16
"Alberta Virtual Job Fair- Tuesday March 16th 2021","https://www.linkedin.com/events/6717512900317184000/",2021-03-16,2021-03-16
"Webinar: Become an Effective Machine Learning PM by Apple Product Leader","https://www.linkedin.com/events/6751881809249783808/",2021-03-16,2021-03-16
"Computer Vision Summit","https://www.linkedin.com/events/6681280157673627648/",2021-03-17,2021-03-17
"Cyber Security & Cloud Expo Global Virtual 2021","https://www.linkedin.com/events/6754392890455142400/",2021-03-17,2021-03-18
"IoT Tech Expo Global Virtual 2021","https://www.linkedin.com/events/6754375436525965313/",2021-03-17,2021-03-18
"Global Online Speed Networking 19 March 2021","https://www.linkedin.com/events/6748540631364239360/",2021-03-19,2021-03-19
"Lean Six sigma Black Belt course (Training & Certification)","https://www.linkedin.com/events/6752691066111098880/",2021-02-12,2021-03-19
"SXSW Online","https://www.linkedin.com/events/6737118801038458880/",2021-03-16,2021-03-21
"Business Strategy Masterclass with Costas Markides at BRAND MINDS","https://www.linkedin.com/events/6744252789955858432/",2021-03-23,2021-03-23
"The World Energy Leaders Virtual Summit","https://www.linkedin.com/events/6729754380418998272/",2021-03-23,2021-03-23
"Compounding Pharmacies Business Salon: Marketing Operations Opportunities","https://www.linkedin.com/events/6718526589019144192/",2021-03-24,2021-03-24
"Derivatives Forum Frankfurt 2021 - virtual edition","https://www.linkedin.com/events/6745324838111518720/",2021-03-23,2021-03-24
"Derivatives Forum Frankfurt 2021 <U+0096> virtual edition","https://www.linkedin.com/events/6745324838111518720/",2021-03-23,2021-03-24
"ILAS 2021 - 7th Industrial Laser Applications Symposium","https://www.linkedin.com/events/6735582538019979264/",2021-03-24,2021-03-25
"Scholars Webinar on Drug Discovery Development and Lead Optimization","https://www.linkedin.com/events/6730391264203730945/",2021-03-24,2021-03-25
"EIC Connect Virtual Energy USA 2021","https://www.linkedin.com/events/6752184413267759104/",2021-03-30,2021-03-31
"Oligonucleotide & Precision Therapeutics Congress 2021","https://www.linkedin.com/events/6734880786136363009/",2021-03-30,2021-03-31
"Virtual EIC Connect Energy USA 2021","https://www.linkedin.com/events/6752497527183986688/",2021-03-30,2021-03-31
"TEDxUStreetSalon presents ""The Future of Men of Color""","https://www.linkedin.com/events/6712401881978675200/",2021-04-05,2021-04-05
"AI & BigData Online Day 2021","https://www.linkedin.com/events/6741686160210345984/",2021-04-10,2021-04-10
"AI & ML for Advanced Drug Discovery & Development 3rd Annual conference","https://www.linkedin.com/events/6749617499152691200/",2021-04-13,2021-04-14
"AI Applications Virtual Summit","https://www.linkedin.com/events/6623876598028472320/",2021-04-14,2021-04-15
"5th Annual Ai Data Analytics and Insights Summit","https://www.linkedin.com/events/6716795457118445568/",2021-04-15,2021-04-16
"Ai Data Analytics and Insights Summit - Italy ONLINE Meeting","https://www.linkedin.com/events/6739560256193609728/",2021-04-15,2021-04-16
"Ai Data Analytics and Insights Summit Italy","https://www.linkedin.com/events/6754341835545559041/",2021-04-15,2021-04-16
"2021 BioPharma eMarketing Virtual Summit","https://www.linkedin.com/events/6736838510675820544/",2021-04-21,2021-04-22
"Clinical Trials V-Forum | 21-22 April 2021 | 13:00 CET","https://www.linkedin.com/events/6732951413908889600/",2021-04-21,2021-04-22
"Leadership & Innovation in Changing Times - Bootcamp","https://www.linkedin.com/events/6715141812555669504/",2021-04-22,2021-04-22
"Digital Transformation Week Virtual 2021","https://www.linkedin.com/events/6734062758993657856/",2021-04-20,2021-04-23
"FinTech 2021","https://www.linkedin.com/events/6739843938749882368/",2021-04-23,2021-04-23
"IPRIA 2021 online conference","https://www.linkedin.com/events/6738055480477847552/",2021-04-28,2021-04-29
"Learning & Development Asia 2021","https://www.linkedin.com/events/6751707116228227072/",2021-04-28,2021-04-29
"Startup Jobs Expo (ONLINE)","https://www.linkedin.com/events/6696379879874809856/",2021-05-13,2021-05-13
"The Future of Construction Summit","https://www.linkedin.com/events/6735333880590594048/",2021-05-11,2021-05-13
"Cosmetics Business Live","https://www.linkedin.com/events/6744576536277483520/",2021-05-10,2021-05-14
"IEEE 7th International Conference on Web Research (ICWR2021)","https://www.linkedin.com/events/6752098942952992768/",2021-05-19,2021-05-20
"UAE-Israel-Bahrain Trade Forum - Virtual: Jan 19 '21 - Physical: May '21","https://www.linkedin.com/events/6728956085035704320/",2021-01-19,2021-05-25
"FinTech China Insights","https://www.linkedin.com/events/6666860108074618880/",2021-06-16,2021-06-16
"BLOCKCHANCE EUROPE 2021 / Blockchain AI and Green Technology","https://www.linkedin.com/events/6739962541264379904/",2021-07-07,2021-07-09
"JuliaCon 2021 (free and virtual)","https://www.linkedin.com/events/6746462348694958080/",2021-07-28,2021-07-30
"14th IEEE International Conference on Industry Applications (INDUSCON 21)","https://www.linkedin.com/events/6725158395315286016/",2021-08-16,2021-08-18
"A.R.I. Wednesday Webinar Series: Founders' Perspectives","https://www.linkedin.com/events/6697560757090971649/",2021-08-19,2021-08-19
"Investor Hot Seat","https://www.linkedin.com/events/6695080814641848320/",2021-08-27,2021-08-27
"AI Expo Africa 2021 ONLINE (7th-9th September)","https://www.linkedin.com/events/6743850295350063105/",2021-09-07,2021-09-09
"The Middle East Ai Data Analytics and Insights Summit","https://www.linkedin.com/events/6742743116102565888/",2021-10-27,2021-10-28
"The Middle East Ai Data Analytics and Insights Summit - NON Vendor driven","https://www.linkedin.com/events/6742729648607645696/",2021-10-27,2021-10-28
"AI for Sustainable Development Goals","https://www.linkedin.com/events/6738194433902182400/",2021-12-17,2021-12-17
