"Event","Date","Time","Attendees"
"2021 Sport Events Congress (VIRTUAL EDITION) #SEC21",2021-04-06,2021-04-06 11:38:20,270
"2021 Sport Events Congress (VIRTUAL EDITION) #SEC21",2021-04-06,2021-04-06 23:29:56,285
"2021 Sport Events Congress (VIRTUAL EDITION) #SEC21",2021-04-08,2021-04-08 12:15:58,310
"2021 Sport Events Congress (VIRTUAL EDITION) #SEC21",2021-04-09,2021-04-09 19:53:08,320
"MIT Sloan Sports Analytics Conference 2021",2021-02-10,2021-02-10 00:01:48,274
"MIT Sloan Sports Analytics Conference 2021",2021-02-11,2021-02-11 23:24:12,311
"MIT Sloan Sports Analytics Conference 2021",2021-02-12,2021-02-12 01:03:50,312
"MIT Sloan Sports Analytics Conference 2021",2021-02-12,2021-02-12 20:57:41,323
"MIT Sloan Sports Analytics Conference 2021",2021-02-13,2021-02-13 10:24:02,333
"MIT Sloan Sports Analytics Conference 2021",2021-02-14,2021-02-14 20:51:46,337
"MIT Sloan Sports Analytics Conference 2021",2021-02-15,2021-02-15 22:09:35,345
"MIT Sloan Sports Analytics Conference 2021",2021-02-16,2021-02-16 10:31:22,353
"MIT Sloan Sports Analytics Conference 2021",2021-02-17,2021-02-17 17:14:41,366
"MIT Sloan Sports Analytics Conference 2021",2021-02-20,2021-02-20 17:23:42,390
"MIT Sloan Sports Analytics Conference 2021",2021-02-21,2021-02-21 19:10:31,393
"MIT Sloan Sports Analytics Conference 2021",2021-02-22,2021-02-22 19:13:40,397
"MIT Sloan Sports Analytics Conference 2021",2021-02-23,2021-02-23 21:30:48,406
"MIT Sloan Sports Analytics Conference 2021",2021-02-24,2021-02-24 19:35:06,412
"MIT Sloan Sports Analytics Conference 2021",2021-02-25,2021-02-25 23:13:19,419
"MIT Sloan Sports Analytics Conference 2021",2021-02-26,2021-02-26 22:54:14,427
"MIT Sloan Sports Analytics Conference 2021",2021-02-27,2021-02-27 21:51:52,430
"MIT Sloan Sports Analytics Conference 2021",2021-02-28,2021-02-28 14:22:01,433
"MIT Sloan Sports Analytics Conference 2021",2021-03-01,2021-03-01 16:39:50,440
"MIT Sloan Sports Analytics Conference 2021",2021-03-02,2021-03-02 21:49:17,450
"MIT Sloan Sports Analytics Conference 2021",2021-03-03,2021-03-03 23:38:17,457
"MIT Sloan Sports Analytics Conference 2021",2021-03-06,2021-03-06 00:47:41,471
"MIT Sloan Sports Analytics Conference 2021",2021-03-07,2021-03-07 10:30:53,483
"MIT Sloan Sports Analytics Conference 2021",2021-03-10,2021-03-10 19:24:14,503
"MIT Sloan Sports Analytics Conference 2021",2021-03-11,2021-03-11 22:51:15,508
"MIT Sloan Sports Analytics Conference 2021",2021-03-12,2021-03-12 09:29:15,508
"MIT Sloan Sports Analytics Conference 2021",2021-03-13,2021-03-13 23:51:26,517
"MIT Sloan Sports Analytics Conference 2021",2021-03-14,2021-03-14 11:38:24,518
"MIT Sloan Sports Analytics Conference 2021",2021-03-15,2021-03-15 23:57:03,525
"MIT Sloan Sports Analytics Conference 2021",2021-03-17,2021-03-17 21:28:26,534
"MIT Sloan Sports Analytics Conference 2021",2021-03-20,2021-03-20 23:00:27,555
"MIT Sloan Sports Analytics Conference 2021",2021-03-22,2021-03-22 11:11:56,559
"MIT Sloan Sports Analytics Conference 2021",2021-03-24,2021-03-24 21:45:55,569
"MIT Sloan Sports Analytics Conference 2021",2021-03-25,2021-03-25 16:26:33,573
"MIT Sloan Sports Analytics Conference 2021",2021-03-27,2021-03-27 14:49:23,587
"MIT Sloan Sports Analytics Conference 2021",2021-03-28,2021-03-28 12:29:53,588
"MIT Sloan Sports Analytics Conference 2021",2021-03-29,2021-03-29 10:42:16,592
"MIT Sloan Sports Analytics Conference 2021",2021-03-30,2021-03-30 13:31:54,600
"MIT Sloan Sports Analytics Conference 2021",2021-03-31,2021-03-31 10:17:37,609
"MIT Sloan Sports Analytics Conference 2021",2021-03-31,2021-03-31 18:38:36,614
"MIT Sloan Sports Analytics Conference 2021",2021-04-01,2021-04-01 10:07:48,626
"MIT Sloan Sports Analytics Conference 2021",2021-04-03,2021-04-03 22:17:21,652
"MIT Sloan Sports Analytics Conference 2021",2021-04-04,2021-04-04 12:31:50,652
"MIT Sloan Sports Analytics Conference 2021",2021-04-05,2021-04-05 12:07:51,654
"MIT Sloan Sports Analytics Conference 2021",2021-04-05,2021-04-05 22:58:45,658
"MIT Sloan Sports Analytics Conference 2021",2021-04-06,2021-04-06 23:29:56,675
"MIT Sloan Sports Analytics Conference 2021",2021-04-07,2021-04-07 09:16:00,678
"MIT Sloan Sports Analytics Conference 2021",2021-04-08,2021-04-08 12:15:58,706
"MIT Sloan Sports Analytics Conference 2021",2021-04-09,2021-04-09 09:13:42,725
"MIT Sloan Sports Analytics Conference 2021",2021-04-09,2021-04-09 19:53:08,729
"San Francisco (Virtual) VC Fast Pitch",2021-03-27,2021-03-27 02:00:26,2398
"San Francisco (Virtual) VC Fast Pitch",2021-03-27,2021-03-27 14:49:23,2412
"San Francisco (Virtual) VC Fast Pitch",2021-03-28,2021-03-28 12:29:53,2424
"San Francisco (Virtual) VC Fast Pitch",2021-03-29,2021-03-29 02:01:30,2433
"San Francisco (Virtual) VC Fast Pitch",2021-03-29,2021-03-29 10:42:16,2440
"San Francisco (Virtual) VC Fast Pitch",2021-03-30,2021-03-30 13:31:54,2476
"San Francisco (Virtual) VC Fast Pitch",2021-03-30,2021-03-30 17:03:56,2482
"San Francisco (Virtual) VC Fast Pitch",2021-03-31,2021-03-31 10:17:37,2516
"San Francisco (Virtual) VC Fast Pitch",2021-03-31,2021-03-31 18:38:36,2530
"San Francisco (Virtual) VC Fast Pitch",2021-04-01,2021-04-01 10:07:48,2557
"San Francisco (Virtual) VC Fast Pitch",2021-04-02,2021-04-02 12:26:14,2657
"San Francisco (Virtual) VC Fast Pitch",2021-04-03,2021-04-03 22:32:06,2715
"San Francisco (Virtual) VC Fast Pitch",2021-04-04,2021-04-04 12:15:01,2729
"San Francisco (Virtual) VC Fast Pitch",2021-04-05,2021-04-05 12:07:51,2749
"San Francisco (Virtual) VC Fast Pitch",2021-04-06,2021-04-06 11:38:20,2776
"San Francisco (Virtual) VC Fast Pitch",2021-04-07,2021-04-07 09:16:00,2821
"San Francisco (Virtual) VC Fast Pitch",2021-04-08,2021-04-08 12:15:58,2881
"San Francisco (Virtual) VC Fast Pitch",2021-04-08,2021-04-08 21:47:22,3080
"San Francisco (Virtual) VC Fast Pitch",2021-04-10,2021-04-10 22:18:17,3091
"Webinar: Building B2B vs B2C Products by Spotify Sr PM",2021-03-27,2021-03-27 02:00:26,10028
"Webinar: Building B2B vs B2C Products by Spotify Sr PM",2021-03-27,2021-03-27 14:49:23,10167
"Webinar: Building B2B vs B2C Products by Spotify Sr PM",2021-03-29,2021-03-29 02:01:30,10540
"Webinar: Building B2B vs B2C Products by Spotify Sr PM",2021-03-30,2021-03-30 13:31:54,11264
"Webinar: Building B2B vs B2C Products by Spotify Sr PM",2021-03-31,2021-03-31 10:55:16,12125
"Webinar: Building B2B vs B2C Products by Spotify Sr PM",2021-04-01,2021-04-01 10:47:39,13182
"Webinar: Building B2B vs B2C Products by Spotify Sr PM",2021-04-02,2021-04-02 12:26:14,13923
"Webinar: Building B2B vs B2C Products by Spotify Sr PM",2021-04-03,2021-04-03 21:51:17,14502
"Webinar: Building B2B vs B2C Products by Spotify Sr PM",2021-04-05,2021-04-05 11:52:50,14962
"Webinar: Building B2B vs B2C Products by Spotify Sr PM",2021-04-06,2021-04-06 00:25:04,15354
"Webinar: Building B2B vs B2C Products by Spotify Sr PM",2021-04-07,2021-04-07 00:27:27,16106
"Webinar: Building B2B vs B2C Products by Spotify Sr PM",2021-04-08,2021-04-08 11:42:47,17115
"Webinar: Building B2B vs B2C Products by Spotify Sr PM",2021-04-10,2021-04-10 22:18:17,18784
"Wrangle Summit 2021 by Trifacta & Google Cloud",2021-03-27,2021-03-27 02:00:26,544
"Wrangle Summit 2021 by Trifacta & Google Cloud",2021-03-27,2021-03-27 14:49:23,550
"Wrangle Summit 2021 by Trifacta & Google Cloud",2021-03-29,2021-03-29 02:01:30,577
"Wrangle Summit 2021 by Trifacta & Google Cloud",2021-03-30,2021-03-30 17:25:29,640
"Wrangle Summit 2021 by Trifacta & Google Cloud",2021-03-31,2021-03-31 10:55:16,680
"Wrangle Summit 2021 by Trifacta & Google Cloud",2021-04-01,2021-04-01 10:47:39,734
"Wrangle Summit 2021 by Trifacta & Google Cloud",2021-04-02,2021-04-02 12:26:14,781
"Wrangle Summit 2021 by Trifacta & Google Cloud",2021-04-03,2021-04-03 21:51:17,813
"Wrangle Summit 2021 by Trifacta & Google Cloud",2021-04-05,2021-04-05 23:11:24,839
"Wrangle Summit 2021 by Trifacta & Google Cloud",2021-04-07,2021-04-07 00:27:27,861
"Wrangle Summit 2021 by Trifacta & Google Cloud",2021-04-08,2021-04-08 11:42:47,942
"Wrangle Summit 2021 by Trifacta & Google Cloud",2021-04-10,2021-04-10 22:18:17,970
"2021 Sport Events Congress (VIRTUAL EDITION) #SEC21",2021-04-06,2021-04-06 11:38:20,270
"2021 Sport Events Congress (VIRTUAL EDITION) #SEC21",2021-04-06,2021-04-06 23:29:56,285
"2021 Sport Events Congress (VIRTUAL EDITION) #SEC21",2021-04-08,2021-04-08 12:15:58,310
"2021 Sport Events Congress (VIRTUAL EDITION) #SEC21",2021-04-09,2021-04-09 19:53:08,320
"San Francisco (Virtual) VC Fast Pitch",2021-03-27,2021-03-27 02:00:26,2398
"San Francisco (Virtual) VC Fast Pitch",2021-03-27,2021-03-27 14:49:23,2412
"San Francisco (Virtual) VC Fast Pitch",2021-03-28,2021-03-28 12:29:53,2424
"San Francisco (Virtual) VC Fast Pitch",2021-03-29,2021-03-29 02:01:30,2433
"San Francisco (Virtual) VC Fast Pitch",2021-03-29,2021-03-29 10:42:16,2440
"San Francisco (Virtual) VC Fast Pitch",2021-03-30,2021-03-30 13:31:54,2476
"San Francisco (Virtual) VC Fast Pitch",2021-03-30,2021-03-30 17:03:56,2482
"San Francisco (Virtual) VC Fast Pitch",2021-03-31,2021-03-31 10:17:37,2516
"San Francisco (Virtual) VC Fast Pitch",2021-03-31,2021-03-31 18:38:36,2530
"San Francisco (Virtual) VC Fast Pitch",2021-04-01,2021-04-01 10:07:48,2557
"San Francisco (Virtual) VC Fast Pitch",2021-04-02,2021-04-02 12:26:14,2657
"San Francisco (Virtual) VC Fast Pitch",2021-04-03,2021-04-03 22:32:06,2715
"San Francisco (Virtual) VC Fast Pitch",2021-04-04,2021-04-04 12:15:01,2729
"San Francisco (Virtual) VC Fast Pitch",2021-04-05,2021-04-05 12:07:51,2749
"San Francisco (Virtual) VC Fast Pitch",2021-04-06,2021-04-06 11:38:20,2776
"San Francisco (Virtual) VC Fast Pitch",2021-04-07,2021-04-07 09:16:00,2821
"San Francisco (Virtual) VC Fast Pitch",2021-04-08,2021-04-08 12:15:58,2881
"San Francisco (Virtual) VC Fast Pitch",2021-04-08,2021-04-08 21:47:22,3080
"Advanced tips & tricks - Skyrocket your Productivity with Microsoft Outlook",2021-04-06,2021-04-06 11:38:20,11357
"Advanced tips & tricks - Skyrocket your Productivity with Microsoft Outlook",2021-04-06,2021-04-06 11:38:20,15957
"Advanced tips & tricks - Skyrocket your Productivity with Microsoft Outlook",2021-04-07,2021-04-07 09:16:00,11477
"Advanced tips & tricks - Skyrocket your Productivity with Microsoft Outlook",2021-04-07,2021-04-07 09:16:00,16129
"Advanced tips & tricks - Skyrocket your Productivity with Microsoft Outlook",2021-04-08,2021-04-08 12:15:58,11650
"Advanced tips & tricks - Skyrocket your Productivity with Microsoft Outlook",2021-04-08,2021-04-08 21:47:22,11690
"Advanced tips & tricks - Skyrocket your Productivity with Microsoft Outlook",2021-04-08,2021-04-08 12:15:58,16408
"Advanced tips & tricks - Skyrocket your Productivity with Microsoft Outlook",2021-04-08,2021-04-08 21:47:22,16531
"Advanced tips & tricks - Skyrocket your Productivity with Microsoft Outlook",2021-04-09,2021-04-09 09:13:42,11740
"Advanced tips & tricks - Skyrocket your Productivity with Microsoft Outlook",2021-04-09,2021-04-09 19:53:08,11785
"Advanced tips & tricks - Skyrocket your Productivity with Microsoft Outlook",2021-04-09,2021-04-09 09:13:42,16611
"Advanced tips & tricks - Skyrocket your Productivity with Microsoft Outlook",2021-04-09,2021-04-09 19:53:08,16697
"Crisis Management for Assistants & Admins in times of CoronaVirus Pandemic",2021-04-06,2021-04-06 11:38:20,4855
"Crisis Management for Assistants & Admins in times of CoronaVirus Pandemic",2021-04-06,2021-04-06 23:29:56,4864
"Crisis Management for Assistants & Admins in times of CoronaVirus Pandemic",2021-04-06,2021-04-06 11:38:20,7344
"Crisis Management for Assistants & Admins in times of CoronaVirus Pandemic",2021-04-06,2021-04-06 23:29:56,7360
"Crisis Management for Assistants & Admins in times of CoronaVirus Pandemic",2021-04-07,2021-04-07 09:16:00,4872
"Crisis Management for Assistants & Admins in times of CoronaVirus Pandemic",2021-04-07,2021-04-07 09:16:00,7368
"Crisis Management for Assistants & Admins in times of CoronaVirus Pandemic",2021-04-08,2021-04-08 12:15:58,4890
"Crisis Management for Assistants & Admins in times of CoronaVirus Pandemic",2021-04-08,2021-04-08 21:47:22,4893
"Crisis Management for Assistants & Admins in times of CoronaVirus Pandemic",2021-04-08,2021-04-08 12:15:58,7404
"Crisis Management for Assistants & Admins in times of CoronaVirus Pandemic",2021-04-08,2021-04-08 21:47:22,7425
"Crisis Management for Assistants & Admins in times of CoronaVirus Pandemic",2021-04-09,2021-04-09 09:13:42,4897
"Crisis Management for Assistants & Admins in times of CoronaVirus Pandemic",2021-04-09,2021-04-09 19:53:08,4902
"Crisis Management for Assistants & Admins in times of CoronaVirus Pandemic",2021-04-09,2021-04-09 09:13:42,7431
"Crisis Management for Assistants & Admins in times of CoronaVirus Pandemic",2021-04-09,2021-04-09 19:53:08,7444
"The Executive Assistant Masterclass 2021 [Online Edition]",2021-04-06,2021-04-06 23:29:56,2150
"The Executive Assistant Masterclass 2021 [Online Edition]",2021-04-06,2021-04-06 23:29:56,2357
"The Executive Assistant Masterclass 2021 [Online Edition]",2021-04-06,2021-04-06 23:29:56,2396
"The Executive Assistant Masterclass 2021 [Online Edition]",2021-04-08,2021-04-08 22:22:48,2192
"The Executive Assistant Masterclass 2021 [Online Edition]",2021-04-08,2021-04-08 22:22:48,2373
"The Executive Assistant Masterclass 2021 [Online Edition]",2021-04-08,2021-04-08 22:22:48,2423
"The Executive Assistant Masterclass 2021 [Online Edition]",2021-04-09,2021-04-09 09:13:42,2204
"The Executive Assistant Masterclass 2021 [Online Edition]",2021-04-09,2021-04-09 09:13:42,2375
"The Executive Assistant Masterclass 2021 [Online Edition]",2021-04-09,2021-04-09 09:13:42,2428
"THE NEW WORLD OF WORK - Assistants<U+0092> Ultimate Guide to Adapt & Thrive",2021-04-06,2021-04-06 23:29:56,1685
"THE NEW WORLD OF WORK - Assistants<U+0092> Ultimate Guide to Adapt & Thrive",2021-04-06,2021-04-06 23:29:56,3166
"THE NEW WORLD OF WORK - Assistants<U+0092> Ultimate Guide to Adapt & Thrive",2021-04-08,2021-04-08 12:15:58,3176
"THE NEW WORLD OF WORK - Assistants<U+0092> Ultimate Guide to Adapt & Thrive",2021-04-09,2021-04-09 09:13:42,1690
"THE NEW WORLD OF WORK - Assistants<U+0092> Ultimate Guide to Adapt & Thrive",2021-04-09,2021-04-09 09:13:42,3181
"THE NEW WORLD OF WORK - Assistants<U+0092> Ultimate Guide to Adapt & Thrive",2021-04-09,2021-04-09 19:53:08,3186
"[English-Mandarin]Virtual Anti-Counterfeiting & Brand Protection Conference",2021-02-09,2021-02-09 00:40:32,308
"[English-Mandarin]Virtual Anti-Counterfeiting & Brand Protection Conference",2021-02-10,2021-02-10 00:30:17,314
"[English-Mandarin]Virtual Anti-Counterfeiting & Brand Protection Conference",2021-02-11,2021-02-11 00:42:41,320
"[English-Mandarin]Virtual Anti-Counterfeiting & Brand Protection Conference",2021-02-13,2021-02-13 18:40:06,328
"[English-Mandarin]Virtual Anti-Counterfeiting & Brand Protection Conference",2021-02-14,2021-02-14 00:15:13,328
"[English-Mandarin]Virtual Anti-Counterfeiting & Brand Protection Conference",2021-02-15,2021-02-15 01:24:00,332
"[English-Mandarin]Virtual Anti-Counterfeiting & Brand Protection Conference",2021-02-16,2021-02-16 12:12:11,339
"[English-Mandarin]Virtual Anti-Counterfeiting & Brand Protection Conference",2021-02-16,2021-02-16 19:14:34,340
"[English-Mandarin]Virtual Anti-Counterfeiting & Brand Protection Conference",2021-02-17,2021-02-17 10:29:38,345
"[English-Mandarin]Virtual Anti-Counterfeiting & Brand Protection Conference",2021-02-18,2021-02-18 23:02:32,350
"[English-Mandarin]Virtual Anti-Counterfeiting & Brand Protection Conference",2021-02-19,2021-02-19 08:19:50,350
"[English-Mandarin]Virtual Anti-Counterfeiting & Brand Protection Conference",2021-02-20,2021-02-20 11:41:53,352
"[English-Mandarin]Virtual Anti-Counterfeiting & Brand Protection Conference",2021-02-21,2021-02-21 11:46:47,355
"[English-Mandarin]Virtual Anti-Counterfeiting & Brand Protection Conference",2021-02-22,2021-02-22 11:05:01,356
"[English-Mandarin]Virtual Anti-Counterfeiting & Brand Protection Conference",2021-02-23,2021-02-23 10:51:43,361
"[English-Mandarin]Virtual Anti-Counterfeiting & Brand Protection Conference",2021-02-24,2021-02-24 11:42:34,365
"[English-Mandarin]Virtual Anti-Counterfeiting & Brand Protection Conference",2021-02-25,2021-02-25 14:07:48,369
"[English-Mandarin]Virtual Anti-Counterfeiting & Brand Protection Conference",2021-02-26,2021-02-26 14:00:26,373
"[English-Mandarin]Virtual Anti-Counterfeiting & Brand Protection Conference",2021-02-26,2021-02-26 21:42:19,375
"[English-Mandarin]Virtual Anti-Counterfeiting & Brand Protection Conference",2021-02-27,2021-02-27 15:01:50,376
"[English-Mandarin]Virtual Anti-Counterfeiting & Brand Protection Conference",2021-02-28,2021-02-28 11:46:49,379
"[English-Mandarin]Virtual Anti-Counterfeiting & Brand Protection Conference",2021-03-01,2021-03-01 09:56:35,379
"[English-Mandarin]Virtual Anti-Counterfeiting & Brand Protection Conference",2021-03-02,2021-03-02 10:04:21,382
"[English-Mandarin]Virtual Anti-Counterfeiting & Brand Protection Conference",2021-03-03,2021-03-03 09:15:28,383
"[English-Mandarin]Virtual Anti-Counterfeiting & Brand Protection Conference",2021-03-04,2021-03-04 10:28:27,385
"[English-Mandarin]Virtual Anti-Counterfeiting & Brand Protection Conference",2021-03-05,2021-03-05 09:24:37,386
"[English-Mandarin]Virtual Anti-Counterfeiting & Brand Protection Conference",2021-03-06,2021-03-06 16:41:16,387
"[English-Mandarin]Virtual Anti-Counterfeiting & Brand Protection Conference",2021-03-07,2021-03-07 09:59:55,389
"[English-Mandarin]Virtual Anti-Counterfeiting & Brand Protection Conference",2021-03-08,2021-03-08 10:06:12,391
"[English-Mandarin]Virtual Anti-Counterfeiting & Brand Protection Conference",2021-03-10,2021-03-10 19:24:14,402
"[English-Mandarin]Virtual Anti-Counterfeiting & Brand Protection Conference",2021-03-11,2021-03-11 10:14:40,402
"[English-Mandarin]Virtual Anti-Counterfeiting & Brand Protection Conference",2021-03-12,2021-03-12 23:31:29,403
"[English-Mandarin]Virtual Anti-Counterfeiting & Brand Protection Conference",2021-03-13,2021-03-13 10:26:23,404
"[English-Mandarin]Virtual Anti-Counterfeiting & Brand Protection Conference",2021-03-13,2021-03-13 23:51:26,405
"[English-Mandarin]Virtual Anti-Counterfeiting & Brand Protection Conference",2021-03-14,2021-03-14 11:38:24,406
"[English-Mandarin]Virtual Anti-Counterfeiting & Brand Protection Conference",2021-03-15,2021-03-15 10:25:52,409
"[English-Mandarin]Virtual Anti-Counterfeiting & Brand Protection Conference",2021-03-17,2021-03-17 20:39:21,411
"[English-Mandarin]Virtual Anti-Counterfeiting & Brand Protection Conference",2021-03-20,2021-03-20 17:07:08,429
"[English-Mandarin]Virtual Anti-Counterfeiting & Brand Protection Conference",2021-03-22,2021-03-22 13:33:08,432
"[English-Mandarin]Virtual Anti-Counterfeiting & Brand Protection Conference",2021-03-23,2021-03-23 10:04:28,436
"[English-Mandarin]Virtual Anti-Counterfeiting & Brand Protection Conference",2021-03-24,2021-03-24 09:00:10,438
"[English-Mandarin]Virtual Anti-Counterfeiting & Brand Protection Conference",2021-03-24,2021-03-24 21:08:22,459
"[English-Mandarin]Virtual Anti-Counterfeiting & Brand Protection Conference",2021-03-25,2021-03-25 16:26:33,478
"[English-Mandarin]Virtual Anti-Counterfeiting & Brand Protection Conference",2021-03-26,2021-03-26 10:17:46,485
"[English-Mandarin]Virtual Anti-Counterfeiting & Brand Protection Conference",2021-03-27,2021-03-27 14:49:23,495
"[English-Mandarin]Virtual Anti-Counterfeiting & Brand Protection Conference",2021-03-28,2021-03-28 12:29:53,501
"[English-Mandarin]Virtual Anti-Counterfeiting & Brand Protection Conference",2021-03-29,2021-03-29 02:01:30,502
"[English-Mandarin]Virtual Anti-Counterfeiting & Brand Protection Conference",2021-03-29,2021-03-29 10:42:16,503
"[English-Mandarin]Virtual Anti-Counterfeiting & Brand Protection Conference",2021-03-30,2021-03-30 13:31:54,511
"[English-Mandarin]Virtual Anti-Counterfeiting & Brand Protection Conference",2021-03-30,2021-03-30 17:03:56,512
"[English-Mandarin]Virtual Anti-Counterfeiting & Brand Protection Conference",2021-03-31,2021-03-31 10:17:37,520
"[English-Mandarin]Virtual Anti-Counterfeiting & Brand Protection Conference",2021-03-31,2021-03-31 18:38:36,528
"[English-Mandarin]Virtual Anti-Counterfeiting & Brand Protection Conference",2021-04-01,2021-04-01 10:07:48,531
"[English-Mandarin]Virtual Anti-Counterfeiting & Brand Protection Conference",2021-04-02,2021-04-02 12:26:14,533
"[English-Mandarin]Virtual Anti-Counterfeiting & Brand Protection Conference",2021-04-03,2021-04-03 23:07:15,547
"[English-Mandarin]Virtual Anti-Counterfeiting & Brand Protection Conference",2021-04-04,2021-04-04 12:15:01,548
"[English-Mandarin]Virtual Anti-Counterfeiting & Brand Protection Conference",2021-04-05,2021-04-05 12:07:51,550
"[English-Mandarin]Virtual Anti-Counterfeiting & Brand Protection Conference",2021-04-06,2021-04-06 11:38:20,562
"[English-Mandarin]Virtual Anti-Counterfeiting & Brand Protection Conference",2021-04-07,2021-04-07 09:16:00,567
"[English-Mandarin]Virtual Anti-Counterfeiting & Brand Protection Conference",2021-04-08,2021-04-08 22:22:48,568
"ASQ CMQ/OE | Live Virtual Training",2021-02-25,2021-02-25 14:07:48,326
"ASQ CMQ/OE | Live Virtual Training",2021-02-26,2021-02-26 21:42:19,332
"ASQ CMQ/OE | Live Virtual Training",2021-02-27,2021-02-27 15:01:50,332
"ASQ CMQ/OE | Live Virtual Training",2021-02-28,2021-02-28 11:46:49,338
"ASQ CMQ/OE | Live Virtual Training",2021-03-01,2021-03-01 09:56:35,340
"ASQ CMQ/OE | Live Virtual Training",2021-03-02,2021-03-02 10:04:21,342
"ASQ CMQ/OE | Live Virtual Training",2021-03-03,2021-03-03 09:15:28,347
"ASQ CMQ/OE | Live Virtual Training",2021-03-04,2021-03-04 10:28:27,354
"ASQ CMQ/OE | Live Virtual Training",2021-03-05,2021-03-05 09:24:37,355
"ASQ CMQ/OE | Live Virtual Training",2021-03-06,2021-03-06 16:41:16,359
"ASQ CMQ/OE | Live Virtual Training",2021-03-07,2021-03-07 09:59:55,359
"ASQ CMQ/OE | Live Virtual Training",2021-03-08,2021-03-08 10:06:12,363
"ASQ CMQ/OE | Live Virtual Training",2021-03-10,2021-03-10 15:33:40,380
"ASQ CMQ/OE | Live Virtual Training",2021-03-11,2021-03-11 10:14:40,380
"ASQ CMQ/OE | Live Virtual Training",2021-03-12,2021-03-12 17:53:24,384
"ASQ CMQ/OE | Live Virtual Training",2021-03-13,2021-03-13 23:51:26,396
"ASQ CMQ/OE | Live Virtual Training",2021-03-14,2021-03-14 11:38:24,399
"ASQ CMQ/OE | Live Virtual Training",2021-03-15,2021-03-15 10:25:52,403
"ASQ CMQ/OE | Live Virtual Training",2021-03-17,2021-03-17 20:39:21,432
"ASQ CMQ/OE | Live Virtual Training",2021-03-20,2021-03-20 17:07:08,447
"ASQ CMQ/OE | Live Virtual Training",2021-03-22,2021-03-22 11:11:56,450
"ASQ CMQ/OE | Live Virtual Training",2021-03-24,2021-03-24 21:08:22,460
"ASQ CMQ/OE | Live Virtual Training",2021-03-25,2021-03-25 17:23:09,462
"ASQ CMQ/OE | Live Virtual Training",2021-03-26,2021-03-26 14:43:31,464
"ASQ CMQ/OE | Live Virtual Training",2021-03-28,2021-03-28 12:29:53,469
"ASQ CMQ/OE | Live Virtual Training",2021-03-29,2021-03-29 10:42:16,469
"ASQ CMQ/OE | Live Virtual Training",2021-03-30,2021-03-30 17:03:56,471
"ASQ CMQ/OE | Live Virtual Training",2021-03-31,2021-03-31 10:17:37,474
"ASQ CMQ/OE | Live Virtual Training",2021-04-01,2021-04-01 10:07:48,479
"ASQ CMQ/OE | Live Virtual Training",2021-04-03,2021-04-03 22:17:21,484
"ASQ CMQ/OE | Live Virtual Training",2021-04-04,2021-04-04 12:31:50,485
"ASQ CMQ/OE | Live Virtual Training",2021-04-05,2021-04-05 22:58:45,494
"ASQ CMQ/OE | Live Virtual Training",2021-04-06,2021-04-06 23:29:56,500
"ASQ CMQ/OE | Live Virtual Training",2021-04-08,2021-04-08 12:07:34,503
"ASQ CMQ/OE | Live Virtual Training",2021-04-09,2021-04-09 09:13:42,506
"Create Data Lake Pipelines with Kafka Kafka Connect and AWS Lake Formation",2021-03-27,2021-03-27 02:00:26,295
"Create Data Lake Pipelines with Kafka Kafka Connect and AWS Lake Formation",2021-03-27,2021-03-27 14:49:23,300
"Create Data Lake Pipelines with Kafka Kafka Connect and AWS Lake Formation",2021-03-29,2021-03-29 02:01:30,328
"Create Data Lake Pipelines with Kafka Kafka Connect and AWS Lake Formation",2021-03-30,2021-03-30 13:31:54,356
"Create Data Lake Pipelines with Kafka Kafka Connect and AWS Lake Formation",2021-03-31,2021-03-31 10:55:16,394
"Create Data Lake Pipelines with Kafka Kafka Connect and AWS Lake Formation",2021-03-31,2021-03-31 11:26:16,396
"Create Data Lake Pipelines with Kafka Kafka Connect and AWS Lake Formation",2021-04-01,2021-04-01 10:47:39,453
"Create Data Lake Pipelines with Kafka Kafka Connect and AWS Lake Formation",2021-04-02,2021-04-02 12:26:14,508
"Create Data Lake Pipelines with Kafka Kafka Connect and AWS Lake Formation",2021-04-03,2021-04-03 21:51:17,549
"Create Data Lake Pipelines with Kafka Kafka Connect and AWS Lake Formation",2021-04-05,2021-04-05 11:52:50,566
"Create Data Lake Pipelines with Kafka Kafka Connect and AWS Lake Formation",2021-04-06,2021-04-06 00:25:04,590
"Create Data Lake Pipelines with Kafka Kafka Connect and AWS Lake Formation",2021-04-08,2021-04-08 12:07:34,617
"Info Session | Improving Customer Experience Using Data Science",2021-03-27,2021-03-27 02:00:26,616
"Info Session | Improving Customer Experience Using Data Science",2021-03-27,2021-03-27 14:49:23,684
"Info Session | Improving Customer Experience Using Data Science",2021-03-29,2021-03-29 20:24:53,687
"Info Session | Improving Customer Experience Using Data Science",2021-03-30,2021-03-30 17:25:29,687
"Info Session | Improving Customer Experience Using Data Science",2021-03-31,2021-03-31 23:53:46,687
"Info Session | Improving Customer Experience Using Data Science",2021-04-03,2021-04-03 23:07:15,686
"Info Session | Improving Customer Experience Using Data Science",2021-04-05,2021-04-05 23:11:24,686
"Info Session | Improving Customer Experience Using Data Science",2021-04-08,2021-04-08 12:07:34,685
"The 2021 Commerce Show (Banking/FinTech Level3 Innovation until Feb 28th)",2021-02-23,2021-02-23 22:16:37,2965
"The 2021 Commerce Show (Banking/FinTech Level3 Innovation until Feb 28th)",2021-02-23,2021-02-23 22:07:56,3054
"The 2021 Commerce Show (Banking/FinTech Level3 Innovation until Feb 28th)",2021-02-24,2021-02-24 00:53:12,3073
"The 2021 Commerce Show (Banking/FinTech Level3 Innovation until Feb 28th)",2021-02-24,2021-02-24 11:42:34,3126
"The 2021 Commerce Show (Banking/FinTech Level3 Innovation until Feb 28th)",2021-02-24,2021-02-24 18:04:26,3179
"India's Virtual Tech Jobs Fair (More than 10000 Attendees)",2021-03-27,2021-03-27 02:00:26,12631
"India's Virtual Tech Jobs Fair (More than 10000 Attendees)",2021-03-27,2021-03-27 14:49:23,12880
"India's Virtual Tech Jobs Fair (More than 10000 Attendees)",2021-03-28,2021-03-28 12:29:53,13089
"India's Virtual Tech Jobs Fair (More than 10000 Attendees)",2021-03-28,2021-03-28 12:29:53,13091
"India's Virtual Tech Jobs Fair (More than 10000 Attendees)",2021-03-29,2021-03-29 02:01:30,13207
"India's Virtual Tech Jobs Fair (More than 10000 Attendees)",2021-03-29,2021-03-29 02:13:06,13208
"India's Virtual Tech Jobs Fair (More than 10000 Attendees)",2021-03-29,2021-03-29 10:42:16,13312
"India's Virtual Tech Jobs Fair (More than 10000 Attendees)",2021-03-30,2021-03-30 13:31:54,13912
"India's Virtual Tech Jobs Fair (More than 10000 Attendees)",2021-03-30,2021-03-30 13:31:54,13915
"India's Virtual Tech Jobs Fair (More than 10000 Attendees)",2021-03-30,2021-03-30 17:03:56,14082
"India's Virtual Tech Jobs Fair (More than 10000 Attendees)",2021-03-31,2021-03-31 10:55:16,14654
"India's Virtual Tech Jobs Fair (More than 10000 Attendees)",2021-03-31,2021-03-31 23:53:46,15054
"India's Virtual Tech Jobs Fair (More than 10000 Attendees)",2021-04-01,2021-04-01 10:07:48,15394
"India's Virtual Tech Jobs Fair (More than 10000 Attendees)",2021-04-01,2021-04-01 10:47:39,15431
"India's Virtual Tech Jobs Fair (More than 10000 Attendees)",2021-04-02,2021-04-02 12:26:14,16021
"India's Virtual Tech Jobs Fair (More than 10000 Attendees)",2021-04-02,2021-04-02 12:26:14,16026
"India's Virtual Tech Jobs Fair (More than 10000 Attendees)",2021-04-02,2021-04-02 12:41:55,16034
"India's Virtual Tech Jobs Fair (More than 10000 Attendees)",2021-04-03,2021-04-03 21:42:53,16034
"India's Virtual Tech Jobs Fair (More than 10000 Attendees)",2021-04-03,2021-04-03 21:51:17,16684
"India's Virtual Tech Jobs Fair (More than 10000 Attendees)",2021-04-04,2021-04-04 12:15:01,16844
"India's Virtual Tech Jobs Fair (More than 10000 Attendees)",2021-04-05,2021-04-05 23:11:24,17392
"The 2021 Commerce Show (1o1 Scheduling is OPEN)",2021-04-06,2021-04-06 11:38:20,5317
"The 2021 Commerce Show (1o1 Scheduling is OPEN)",2021-04-06,2021-04-06 23:29:56,5418
"The 2021 Commerce Show (1o1 Scheduling is OPEN)",2021-04-07,2021-04-07 00:27:27,5418
"The 2021 Commerce Show (Banking/FinTech Level3 Innovation until Feb 28th)",2021-02-23,2021-02-23 22:16:37,2965
"The 2021 Commerce Show (Banking/FinTech Level3 Innovation until Feb 28th)",2021-02-23,2021-02-23 22:07:56,3054
"The 2021 Commerce Show (Banking/FinTech Level3 Innovation until Feb 28th)",2021-02-24,2021-02-24 00:53:12,3073
"The 2021 Commerce Show (Banking/FinTech Level3 Innovation until Feb 28th)",2021-02-24,2021-02-24 11:42:34,3126
"The 2021 Commerce Show (Banking/FinTech Level3 Innovation until Feb 28th)",2021-02-24,2021-02-24 18:04:26,3179
"The 2021 Commerce Show (Banking/FinTech Level3 Innovation until Feb 28th)",2021-02-24,2021-02-24 19:17:17,3184
"The 2021 Commerce Show (Banking/FinTech Level3 Innovation until Feb 28th)",2021-02-24,2021-02-24 19:35:06,3186
"The 2021 Commerce Show (Banking/FinTech Level3 Innovation until Feb 28th)",2021-02-25,2021-02-25 10:00:01,3224
"The 2021 Commerce Show (Banking/FinTech Level3 Innovation until Feb 28th)",2021-02-25,2021-02-25 14:07:48,3239
"The 2021 Commerce Show (Banking/FinTech Level3 Innovation until Feb 28th)",2021-02-25,2021-02-25 14:40:54,3241
"The 2021 Commerce Show (Banking/FinTech Level3 Innovation until Feb 28th)",2021-02-25,2021-02-25 15:36:53,3249
"The 2021 Commerce Show (Banking/FinTech Level3 Innovation until Feb 28th)",2021-02-26,2021-02-26 14:00:26,3321
"The 2021 Commerce Show (Banking/FinTech Level3 Innovation until Feb 28th)",2021-02-26,2021-02-26 15:11:43,3328
"The 2021 Commerce Show (Banking/FinTech Level3 Innovation until Feb 28th)",2021-02-26,2021-02-26 16:34:02,3330
"The 2021 Commerce Show (Banking/FinTech Level3 Innovation until Feb 28th)",2021-02-26,2021-02-26 22:01:53,3351
"The 2021 Commerce Show (Banking/FinTech Level3 Innovation until Feb 28th)",2021-02-27,2021-02-27 09:47:31,3371
"The 2021 Commerce Show (Banking/FinTech Level3 Innovation until Feb 28th)",2021-02-27,2021-02-27 15:01:50,3378
"The 2021 Commerce Show (Banking/FinTech Level3 Innovation until Feb 28th)",2021-02-27,2021-02-27 19:57:01,3387
"The 2021 Commerce Show (Banking/FinTech Level3 Innovation until Feb 28th)",2021-02-28,2021-02-28 11:46:49,3406
"The 2021 Commerce Show (Banking/FinTech Level3 Innovation until Feb 28th)",2021-02-28,2021-02-28 13:12:57,3408
"The 2021 Commerce Show (Banking/FinTech Level3 Innovation until Feb 28th)",2021-03-01,2021-03-01 02:23:53,3434
"The 2021 Commerce Show (Banking/FinTech Level3 Innovation until Feb 28th)",2021-03-01,2021-03-01 09:56:35,3444
"The 2021 Commerce Show (Banking/FinTech Level3 Innovation until Feb 28th)",2021-03-01,2021-03-01 12:52:55,3455
"The 2021 Commerce Show (Banking/FinTech Level3 Innovation until Feb 28th)",2021-03-02,2021-03-02 10:04:21,3497
"The 2021 Commerce Show (Banking/FinTech Level3 Innovation until Feb 28th)",2021-03-02,2021-03-02 16:24:00,3511
"The 2021 Commerce Show (Banking/FinTech Level3 Innovation until Feb 28th)",2021-03-03,2021-03-03 23:38:17,3775
"The 2021 Commerce Show (Banking/FinTech Level3 Innovation until Feb 28th)",2021-03-04,2021-03-04 23:12:08,3834
"The 2021 Commerce Show (Banking/FinTech Level3 Innovation until Feb 28th)",2021-03-06,2021-03-06 17:12:20,3928
"The 2021 Commerce Show (Banking/FinTech Level3 Innovation until Feb 28th)",2021-03-08,2021-03-08 00:01:08,4017
"The 2021 Commerce Show (Banking/FinTech Level3 Innovation until Feb 28th)",2021-03-10,2021-03-10 18:13:00,4242
"The 2021 Commerce Show (Banking/FinTech Level3 Innovation until Feb 28th)",2021-03-11,2021-03-11 22:51:15,4330
"The 2021 Commerce Show (Banking/FinTech Level3 Innovation until Feb 28th)",2021-03-12,2021-03-12 09:29:15,4330
"The 2021 Commerce Show (Banking/FinTech Level3 Innovation until Feb 28th)",2021-03-17,2021-03-17 21:56:19,4608
"The 2021 Commerce Show (Banking/FinTech Level3 Innovation until Feb 28th)",2021-03-20,2021-03-20 17:18:01,4725
"The 2021 Commerce Show (Banking/FinTech Level3 Innovation until Feb 28th)",2021-03-22,2021-03-22 13:33:08,4773
"The 2021 Commerce Show (Banking/FinTech Level3 Innovation until Feb 28th)",2021-03-24,2021-03-24 09:08:06,4879
"The 2021 Commerce Show (Banking/FinTech Level3 Innovation until Feb 28th)",2021-03-25,2021-03-25 23:45:17,4961
"The 2021 Commerce Show (Banking/FinTech Level3 Innovation until Feb 28th)",2021-03-26,2021-03-26 23:52:30,4995
"The 2021 Commerce Show (Banking/FinTech Level3 Innovation until Feb 28th)",2021-03-29,2021-03-29 02:13:06,5038
"The 2021 Commerce Show (Banking/FinTech Level3 Innovation until Feb 28th)",2021-03-31,2021-03-31 23:53:46,5180
"The 2021 Commerce Show (Banking/FinTech Level3 Innovation until Feb 28th)",2021-04-03,2021-04-03 22:32:06,5271
"The 2021 Commerce Show (Banking/FinTech Level3 Innovation until Feb 28th)",2021-04-05,2021-04-05 23:11:24,5307
"The 2021 Commerce Show (Logistics Track signup until March 15th)",2021-03-04,2021-03-04 15:15:22,3810
"The 2021 Commerce Show (Logistics Track signup until March 15th)",2021-03-04,2021-03-04 15:15:22,3812
"The 2021 Commerce Show (Logistics Track signup until March 15th)",2021-03-05,2021-03-05 09:24:37,3860
"The 2021 Commerce Show (Logistics Track signup until March 15th)",2021-03-05,2021-03-05 15:02:48,3877
"The 2021 Commerce Show (Logistics Track signup until March 15th)",2021-03-05,2021-03-05 23:50:28,3905
"The 2021 Commerce Show (Logistics Track signup until March 15th)",2021-03-06,2021-03-06 00:26:48,3905
"The 2021 Commerce Show (Logistics Track signup until March 15th)",2021-03-06,2021-03-06 00:26:48,3906
"The 2021 Commerce Show (Logistics Track signup until March 15th)",2021-03-06,2021-03-06 16:41:16,3928
"The 2021 Commerce Show (Logistics Track signup until March 15th)",2021-03-07,2021-03-07 09:59:55,3985
"The 2021 Commerce Show (Logistics Track signup until March 15th)",2021-03-07,2021-03-07 10:22:24,3986
"The 2021 Commerce Show (Logistics Track signup until March 15th)",2021-03-08,2021-03-08 00:23:18,4018
"The 2021 Commerce Show (Logistics Track signup until March 15th)",2021-03-08,2021-03-08 10:06:12,4028
"The 2021 Commerce Show (Logistics Track signup until March 15th)",2021-03-08,2021-03-08 20:21:46,4071
"The 2021 Commerce Show (Logistics Track signup until March 15th)",2021-03-09,2021-03-09 13:25:24,4123
"The 2021 Commerce Show (Logistics Track signup until March 15th)",2021-03-10,2021-03-10 15:46:25,4223
"The 2021 Commerce Show (Logistics Track signup until March 15th)",2021-03-10,2021-03-10 17:47:15,4240
"The 2021 Commerce Show (Logistics Track signup until March 15th)",2021-03-11,2021-03-11 10:14:40,4297
"The 2021 Commerce Show (Logistics Track signup until March 15th)",2021-03-11,2021-03-11 12:21:17,4302
"The 2021 Commerce Show (Logistics Track signup until March 15th)",2021-03-11,2021-03-11 22:14:08,4329
"The 2021 Commerce Show (Logistics Track signup until March 15th)",2021-03-12,2021-03-12 11:51:51,4359
"The 2021 Commerce Show (Logistics Track signup until March 15th)",2021-03-12,2021-03-12 18:13:19,4380
"The 2021 Commerce Show (Logistics Track signup until March 15th)",2021-03-12,2021-03-12 23:31:29,4387
"The 2021 Commerce Show (Logistics Track signup until March 15th)",2021-03-13,2021-03-13 10:26:23,4400
"The 2021 Commerce Show (Logistics Track signup until March 15th)",2021-03-13,2021-03-13 12:21:41,4402
"The 2021 Commerce Show (Logistics Track signup until March 15th)",2021-03-13,2021-03-13 23:51:26,4421
"The 2021 Commerce Show (Logistics Track signup until March 15th)",2021-03-14,2021-03-14 00:01:08,4421
"The 2021 Commerce Show (Logistics Track signup until March 15th)",2021-03-14,2021-03-14 11:38:24,4432
"The 2021 Commerce Show (Logistics Track signup until March 15th)",2021-03-15,2021-03-15 11:08:26,4466
"The 2021 Commerce Show (Logistics Track signup until March 15th)",2021-03-15,2021-03-15 23:46:25,4507
"The 2021 Commerce Show (Logistics Track signup until March 15th)",2021-03-16,2021-03-16 12:23:17,4520
"The 2021 Commerce Show (Logistics Track signup until March 15th)",2021-03-16,2021-03-16 23:14:28,4568
"The 2021 Commerce Show (Logistics Track signup until March 15th)",2021-03-16,2021-03-16 23:49:37,4569
"The 2021 Commerce Show (Logistics Track signup until March 15th)",2021-03-17,2021-03-17 20:14:41,4605
"The 2021 Commerce Show (Logistics Track signup until March 15th)",2021-03-17,2021-03-17 20:39:21,4607
"The 2021 Commerce Show (Logistics Track signup until March 15th)",2021-03-20,2021-03-20 17:18:01,4725
"The 2021 Commerce Show (Logistics Track signup until March 15th)",2021-03-22,2021-03-22 13:33:08,4773
"The 2021 Commerce Show (Logistics Track signup until March 15th)",2021-03-24,2021-03-24 09:08:06,4879
"The 2021 Commerce Show (Logistics Track signup until March 15th)",2021-03-25,2021-03-25 23:45:17,4961
"The 2021 Commerce Show (Logistics Track signup until March 15th)",2021-03-26,2021-03-26 23:52:30,4995
"The 2021 Commerce Show (Logistics Track signup until March 15th)",2021-03-29,2021-03-29 02:13:06,5038
"The 2021 Commerce Show (Logistics Track signup until March 15th)",2021-03-30,2021-03-30 17:25:29,5099
"The 2021 Commerce Show (Logistics Track signup until March 15th)",2021-03-31,2021-03-31 23:53:46,5180
"The 2021 Commerce Show (Logistics Track signup until March 15th)",2021-04-03,2021-04-03 22:32:06,5271
"The 2021 Commerce Show (Logistics Track signup until March 15th)",2021-04-05,2021-04-05 23:11:24,5307
"The 2021 Commerce Show (Nominations Open until March 31st)",2021-03-31,2021-03-31 10:55:16,5141
"The 2021 Commerce Show (Nominations Open until March 31st)",2021-03-31,2021-03-31 18:38:36,5168
"The 2021 Commerce Show (Nominations Open until March 31st)",2021-04-01,2021-04-01 10:07:48,5201
"The 2021 Commerce Show (Nominations Open until March 31st)",2021-04-01,2021-04-01 10:47:39,5203
"The 2021 Commerce Show (Nominations Open until March 31st)",2021-04-02,2021-04-02 12:26:14,5240
"The 2021 Commerce Show (Nominations Open until March 31st)",2021-04-02,2021-04-02 12:41:55,5241
"The 2021 Commerce Show (Nominations Open until March 31st)",2021-04-03,2021-04-03 21:42:53,5241
"The 2021 Commerce Show (Nominations Open until March 31st)",2021-04-03,2021-04-03 22:17:21,5271
"The 2021 Commerce Show (Nominations Open until March 31st)",2021-04-04,2021-04-04 12:31:50,5275
"The 2021 Commerce Show (Nominations Open until March 31st)",2021-04-05,2021-04-05 11:52:50,5291
"The 2021 Commerce Show (Nominations Open until March 31st)",2021-04-05,2021-04-05 12:07:51,5292
"The 2021 Commerce Show (Banking/FinTech Level3 Innovation until Feb 28th)",2021-02-24,2021-02-24 19:17:17,3184
"The 2021 Commerce Show (Banking/FinTech Level3 Innovation until Feb 28th)",2021-02-24,2021-02-24 19:35:06,3186
"The 2021 Commerce Show (Banking/FinTech Level3 Innovation until Feb 28th)",2021-02-25,2021-02-25 10:00:01,3224
"The 2021 Commerce Show (Banking/FinTech Level3 Innovation until Feb 28th)",2021-02-25,2021-02-25 14:07:48,3239
"The 2021 Commerce Show (Banking/FinTech Level3 Innovation until Feb 28th)",2021-02-25,2021-02-25 14:40:54,3241
"The 2021 Commerce Show (Banking/FinTech Level3 Innovation until Feb 28th)",2021-02-25,2021-02-25 15:36:53,3249
"The 2021 Commerce Show (Banking/FinTech Level3 Innovation until Feb 28th)",2021-02-26,2021-02-26 14:00:26,3321
"The 2021 Commerce Show (Banking/FinTech Level3 Innovation until Feb 28th)",2021-02-26,2021-02-26 15:11:43,3328
"The 2021 Commerce Show (Banking/FinTech Level3 Innovation until Feb 28th)",2021-02-26,2021-02-26 16:34:02,3330
"The 2021 Commerce Show (Banking/FinTech Level3 Innovation until Feb 28th)",2021-02-26,2021-02-26 22:01:53,3351
"The 2021 Commerce Show (Banking/FinTech Level3 Innovation until Feb 28th)",2021-02-27,2021-02-27 09:47:31,3371
"The 2021 Commerce Show (Banking/FinTech Level3 Innovation until Feb 28th)",2021-02-27,2021-02-27 15:01:50,3378
"The 2021 Commerce Show (Banking/FinTech Level3 Innovation until Feb 28th)",2021-02-27,2021-02-27 19:57:01,3387
"The 2021 Commerce Show (Banking/FinTech Level3 Innovation until Feb 28th)",2021-02-28,2021-02-28 11:46:49,3406
"The 2021 Commerce Show (Banking/FinTech Level3 Innovation until Feb 28th)",2021-02-28,2021-02-28 13:12:57,3408
"The 2021 Commerce Show (Banking/FinTech Level3 Innovation until Feb 28th)",2021-03-01,2021-03-01 02:23:53,3434
"The 2021 Commerce Show (Banking/FinTech Level3 Innovation until Feb 28th)",2021-03-01,2021-03-01 09:56:35,3444
"The 2021 Commerce Show (Banking/FinTech Level3 Innovation until Feb 28th)",2021-03-01,2021-03-01 12:52:55,3455
"The 2021 Commerce Show (Banking/FinTech Level3 Innovation until Feb 28th)",2021-03-02,2021-03-02 10:04:21,3497
"The 2021 Commerce Show (Banking/FinTech Level3 Innovation until Feb 28th)",2021-03-02,2021-03-02 16:24:00,3511
"The 2021 Commerce Show (Banking/FinTech Level3 Innovation until Feb 28th)",2021-03-03,2021-03-03 23:38:17,3775
"The 2021 Commerce Show (Banking/FinTech Level3 Innovation until Feb 28th)",2021-03-04,2021-03-04 23:12:08,3834
"The 2021 Commerce Show (Banking/FinTech Level3 Innovation until Feb 28th)",2021-03-06,2021-03-06 17:12:20,3928
"The 2021 Commerce Show (Banking/FinTech Level3 Innovation until Feb 28th)",2021-03-08,2021-03-08 00:01:08,4017
"The 2021 Commerce Show (Banking/FinTech Level3 Innovation until Feb 28th)",2021-03-10,2021-03-10 18:13:00,4242
"The 2021 Commerce Show (Banking/FinTech Level3 Innovation until Feb 28th)",2021-03-11,2021-03-11 22:51:15,4330
"The 2021 Commerce Show (Banking/FinTech Level3 Innovation until Feb 28th)",2021-03-12,2021-03-12 09:29:15,4330
"The 2021 Commerce Show (Banking/FinTech Level3 Innovation until Feb 28th)",2021-03-17,2021-03-17 21:56:19,4608
"The 2021 Commerce Show (Banking/FinTech Level3 Innovation until Feb 28th)",2021-03-20,2021-03-20 17:18:01,4725
"The 2021 Commerce Show (Banking/FinTech Level3 Innovation until Feb 28th)",2021-03-22,2021-03-22 13:33:08,4773
"The 2021 Commerce Show (Banking/FinTech Level3 Innovation until Feb 28th)",2021-03-24,2021-03-24 09:08:06,4879
"The 2021 Commerce Show (Banking/FinTech Level3 Innovation until Feb 28th)",2021-03-25,2021-03-25 23:45:17,4961
"The 2021 Commerce Show (Banking/FinTech Level3 Innovation until Feb 28th)",2021-03-26,2021-03-26 23:52:30,4995
"The 2021 Commerce Show (Banking/FinTech Level3 Innovation until Feb 28th)",2021-03-29,2021-03-29 02:13:06,5038
"The 2021 Commerce Show (Banking/FinTech Level3 Innovation until Feb 28th)",2021-03-31,2021-03-31 23:53:46,5180
"The 2021 Commerce Show (Banking/FinTech Level3 Innovation until Feb 28th)",2021-04-03,2021-04-03 22:32:06,5271
"The 2021 Commerce Show (Banking/FinTech Level3 Innovation until Feb 28th)",2021-04-05,2021-04-05 23:11:24,5307
"The 2021 Commerce Show (Logistics Track signup until March 15th)",2021-03-04,2021-03-04 15:15:22,3810
"The 2021 Commerce Show (Logistics Track signup until March 15th)",2021-03-04,2021-03-04 15:15:22,3812
"The 2021 Commerce Show (Logistics Track signup until March 15th)",2021-03-05,2021-03-05 09:24:37,3860
"The 2021 Commerce Show (Logistics Track signup until March 15th)",2021-03-05,2021-03-05 15:02:48,3877
"The 2021 Commerce Show (Logistics Track signup until March 15th)",2021-03-05,2021-03-05 23:50:28,3905
"The 2021 Commerce Show (Logistics Track signup until March 15th)",2021-03-06,2021-03-06 00:26:48,3905
"The 2021 Commerce Show (Logistics Track signup until March 15th)",2021-03-06,2021-03-06 00:26:48,3906
"The 2021 Commerce Show (Logistics Track signup until March 15th)",2021-03-06,2021-03-06 16:41:16,3928
"The 2021 Commerce Show (Logistics Track signup until March 15th)",2021-03-07,2021-03-07 09:59:55,3985
"The 2021 Commerce Show (Logistics Track signup until March 15th)",2021-03-07,2021-03-07 10:22:24,3986
"The 2021 Commerce Show (Logistics Track signup until March 15th)",2021-03-08,2021-03-08 00:23:18,4018
"The 2021 Commerce Show (Logistics Track signup until March 15th)",2021-03-08,2021-03-08 10:06:12,4028
"The 2021 Commerce Show (Logistics Track signup until March 15th)",2021-03-08,2021-03-08 20:21:46,4071
"The 2021 Commerce Show (Logistics Track signup until March 15th)",2021-03-09,2021-03-09 13:25:24,4123
"The 2021 Commerce Show (Logistics Track signup until March 15th)",2021-03-10,2021-03-10 15:46:25,4223
"The 2021 Commerce Show (Logistics Track signup until March 15th)",2021-03-10,2021-03-10 17:47:15,4240
"The 2021 Commerce Show (Logistics Track signup until March 15th)",2021-03-11,2021-03-11 10:14:40,4297
"The 2021 Commerce Show (Logistics Track signup until March 15th)",2021-03-11,2021-03-11 12:21:17,4302
"The 2021 Commerce Show (Logistics Track signup until March 15th)",2021-03-11,2021-03-11 22:14:08,4329
"The 2021 Commerce Show (Logistics Track signup until March 15th)",2021-03-12,2021-03-12 11:51:51,4359
"The 2021 Commerce Show (Logistics Track signup until March 15th)",2021-03-12,2021-03-12 18:13:19,4380
"The 2021 Commerce Show (Logistics Track signup until March 15th)",2021-03-12,2021-03-12 23:31:29,4387
"The 2021 Commerce Show (Logistics Track signup until March 15th)",2021-03-13,2021-03-13 10:26:23,4400
"The 2021 Commerce Show (Logistics Track signup until March 15th)",2021-03-13,2021-03-13 12:21:41,4402
"The 2021 Commerce Show (Logistics Track signup until March 15th)",2021-03-13,2021-03-13 23:51:26,4421
"The 2021 Commerce Show (Logistics Track signup until March 15th)",2021-03-14,2021-03-14 00:01:08,4421
"The 2021 Commerce Show (Logistics Track signup until March 15th)",2021-03-14,2021-03-14 11:38:24,4432
"The 2021 Commerce Show (Logistics Track signup until March 15th)",2021-03-15,2021-03-15 11:08:26,4466
"The 2021 Commerce Show (Logistics Track signup until March 15th)",2021-03-15,2021-03-15 23:46:25,4507
"The 2021 Commerce Show (Logistics Track signup until March 15th)",2021-03-16,2021-03-16 12:23:17,4520
"The 2021 Commerce Show (Logistics Track signup until March 15th)",2021-03-16,2021-03-16 23:14:28,4568
"The 2021 Commerce Show (Logistics Track signup until March 15th)",2021-03-16,2021-03-16 23:49:37,4569
"The 2021 Commerce Show (Logistics Track signup until March 15th)",2021-03-17,2021-03-17 20:14:41,4605
"The 2021 Commerce Show (Logistics Track signup until March 15th)",2021-03-17,2021-03-17 20:39:21,4607
"The 2021 Commerce Show (Logistics Track signup until March 15th)",2021-03-20,2021-03-20 17:18:01,4725
"The 2021 Commerce Show (Logistics Track signup until March 15th)",2021-03-22,2021-03-22 13:33:08,4773
"The 2021 Commerce Show (Logistics Track signup until March 15th)",2021-03-24,2021-03-24 09:08:06,4879
"The 2021 Commerce Show (Logistics Track signup until March 15th)",2021-03-25,2021-03-25 23:45:17,4961
"The 2021 Commerce Show (Logistics Track signup until March 15th)",2021-03-26,2021-03-26 23:52:30,4995
"The 2021 Commerce Show (Logistics Track signup until March 15th)",2021-03-29,2021-03-29 02:13:06,5038
"The 2021 Commerce Show (Logistics Track signup until March 15th)",2021-03-30,2021-03-30 17:25:29,5099
"The 2021 Commerce Show (Logistics Track signup until March 15th)",2021-03-31,2021-03-31 23:53:46,5180
"The 2021 Commerce Show (Logistics Track signup until March 15th)",2021-04-03,2021-04-03 22:32:06,5271
"The 2021 Commerce Show (Logistics Track signup until March 15th)",2021-04-05,2021-04-05 23:11:24,5307
"The 2021 Commerce Show (Nominations Open until March 31st)",2021-03-31,2021-03-31 10:55:16,5141
"The 2021 Commerce Show (Nominations Open until March 31st)",2021-03-31,2021-03-31 18:38:36,5168
"The 2021 Commerce Show (Nominations Open until March 31st)",2021-04-01,2021-04-01 10:07:48,5201
"The 2021 Commerce Show (Nominations Open until March 31st)",2021-04-01,2021-04-01 10:47:39,5203
"The 2021 Commerce Show (Nominations Open until March 31st)",2021-04-02,2021-04-02 12:26:14,5240
"The 2021 Commerce Show (Nominations Open until March 31st)",2021-04-02,2021-04-02 12:41:55,5241
"The 2021 Commerce Show (Nominations Open until March 31st)",2021-04-03,2021-04-03 21:42:53,5241
"Advanced tips & tricks - Skyrocket your Productivity with Microsoft Outlook",2021-04-06,2021-04-06 11:38:20,11357
"Advanced tips & tricks - Skyrocket your Productivity with Microsoft Outlook",2021-04-06,2021-04-06 11:38:20,15957
"Advanced tips & tricks - Skyrocket your Productivity with Microsoft Outlook",2021-04-07,2021-04-07 09:16:00,11477
"Advanced tips & tricks - Skyrocket your Productivity with Microsoft Outlook",2021-04-07,2021-04-07 09:16:00,16129
"Crisis Management for Assistants & Admins in times of CoronaVirus Pandemic",2021-04-06,2021-04-06 11:38:20,4855
"Crisis Management for Assistants & Admins in times of CoronaVirus Pandemic",2021-04-06,2021-04-06 23:29:56,4864
"Crisis Management for Assistants & Admins in times of CoronaVirus Pandemic",2021-04-06,2021-04-06 11:38:20,7344
"Crisis Management for Assistants & Admins in times of CoronaVirus Pandemic",2021-04-06,2021-04-06 23:29:56,7360
"Crisis Management for Assistants & Admins in times of CoronaVirus Pandemic",2021-04-07,2021-04-07 09:16:00,4872
"Crisis Management for Assistants & Admins in times of CoronaVirus Pandemic",2021-04-07,2021-04-07 09:16:00,7368
"A New Way to Data | Datasphere 2021 Virtual Event",2021-03-27,2021-03-27 02:00:26,573
"A New Way to Data | Datasphere 2021 Virtual Event",2021-03-27,2021-03-27 14:49:23,583
"A New Way to Data | Datasphere 2021 Virtual Event",2021-03-28,2021-03-28 12:29:53,593
"A New Way to Data | Datasphere 2021 Virtual Event",2021-03-29,2021-03-29 02:01:30,599
"A New Way to Data | Datasphere 2021 Virtual Event",2021-03-29,2021-03-29 10:42:16,601
"EBBC invites Sean Ellis the godfather of Growth Marketing",2021-03-27,2021-03-27 02:00:26,1311
"EBBC invites Sean Ellis the godfather of Growth Marketing",2021-03-27,2021-03-27 14:49:23,1318
"EBBC invites Sean Ellis the godfather of Growth Marketing",2021-03-29,2021-03-29 02:01:30,1335
"EBBC invites Sean Ellis the godfather of Growth Marketing",2021-03-30,2021-03-30 17:25:29,1388
"EBBC invites Sean Ellis the godfather of Growth Marketing",2021-03-31,2021-03-31 23:53:46,1401
"EBBC invites Sean Ellis the godfather of Growth Marketing",2021-04-03,2021-04-03 22:32:06,1401
"Objectives & Key Results (OKRs)",2021-03-27,2021-03-27 02:00:26,1238
"Objectives & Key Results (OKRs)",2021-03-27,2021-03-27 14:49:23,1249
"Objectives & Key Results (OKRs)",2021-03-29,2021-03-29 02:01:30,1279
"Objectives & Key Results (OKRs)",2021-03-30,2021-03-30 17:25:29,1386
"Objectives & Key Results (OKRs)",2021-03-31,2021-03-31 10:55:16,1462
"Objectives & Key Results (OKRs)",2021-04-03,2021-04-03 22:32:06,1953
"OPEX MENA VIRTUAL 2021 - Excellence in Safety & Operations",2021-02-25,2021-02-25 14:07:48,296
"OPEX MENA VIRTUAL 2021 - Excellence in Safety & Operations",2021-02-26,2021-02-26 14:00:26,300
"OPEX MENA VIRTUAL 2021 - Excellence in Safety & Operations",2021-02-26,2021-02-26 21:42:19,302
"OPEX MENA VIRTUAL 2021 - Excellence in Safety & Operations",2021-02-27,2021-02-27 15:01:50,304
"OPEX MENA VIRTUAL 2021 - Excellence in Safety & Operations",2021-02-28,2021-02-28 11:46:49,305
"OPEX MENA VIRTUAL 2021 - Excellence in Safety & Operations",2021-03-01,2021-03-01 09:56:35,305
"OPEX MENA VIRTUAL 2021 - Excellence in Safety & Operations",2021-03-02,2021-03-02 10:04:21,309
"OPEX MENA VIRTUAL 2021 - Excellence in Safety & Operations",2021-03-03,2021-03-03 09:15:28,317
"OPEX MENA VIRTUAL 2021 - Excellence in Safety & Operations",2021-03-04,2021-03-04 10:28:27,321
"OPEX MENA VIRTUAL 2021 - Excellence in Safety & Operations",2021-03-05,2021-03-05 09:24:37,321
"OPEX MENA VIRTUAL 2021 - Excellence in Safety & Operations",2021-03-06,2021-03-06 16:41:16,324
"OPEX MENA VIRTUAL 2021 - Excellence in Safety & Operations",2021-03-07,2021-03-07 09:59:55,325
"OPEX MENA VIRTUAL 2021 - Excellence in Safety & Operations",2021-03-08,2021-03-08 10:06:12,326
"OPEX MENA VIRTUAL 2021 - Excellence in Safety & Operations",2021-03-10,2021-03-10 23:51:25,333
"OPEX MENA VIRTUAL 2021 - Excellence in Safety & Operations",2021-03-11,2021-03-11 22:51:15,336
"OPEX MENA VIRTUAL 2021 - Excellence in Safety & Operations",2021-03-12,2021-03-12 09:29:15,336
"OPEX MENA VIRTUAL 2021 - Excellence in Safety & Operations",2021-03-13,2021-03-13 23:51:26,337
"OPEX MENA VIRTUAL 2021 - Excellence in Safety & Operations",2021-03-14,2021-03-14 11:38:24,339
"OPEX MENA VIRTUAL 2021 - Excellence in Safety & Operations",2021-03-15,2021-03-15 10:25:52,341
"OPEX MENA VIRTUAL 2021 - Excellence in Safety & Operations",2021-03-16,2021-03-16 12:11:22,341
"OPEX MENA VIRTUAL 2021 - Excellence in Safety & Operations",2021-03-17,2021-03-17 20:39:21,348
"OPEX MENA VIRTUAL 2021 - Excellence in Safety & Operations",2021-03-18,2021-03-18 11:25:59,349
"OPEX MENA VIRTUAL 2021 - Excellence in Safety & Operations",2021-03-19,2021-03-19 01:10:56,351
"OPEX MENA VIRTUAL 2021 - Excellence in Safety & Operations",2021-03-20,2021-03-20 17:07:08,355
"OPEX MENA VIRTUAL 2021 - Excellence in Safety & Operations",2021-03-21,2021-03-21 23:06:09,357
"OPEX MENA VIRTUAL 2021 - Excellence in Safety & Operations",2021-03-22,2021-03-22 23:10:11,359
"OPEX MENA VIRTUAL 2021 - Excellence in Safety & Operations",2021-03-23,2021-03-23 10:04:28,361
"OPEX MENA VIRTUAL 2021 - Excellence in Safety & Operations",2021-03-24,2021-03-24 21:08:22,365
"OPEX MENA VIRTUAL 2021 - Excellence in Safety & Operations",2021-03-25,2021-03-25 16:26:33,368
"OPEX MENA VIRTUAL 2021 - Excellence in Safety & Operations",2021-03-26,2021-03-26 10:17:46,371
"OPEX MENA VIRTUAL 2021 - Excellence in Safety & Operations",2021-03-27,2021-03-27 14:49:23,372
"OPEX MENA VIRTUAL 2021 - Excellence in Safety & Operations",2021-03-28,2021-03-28 12:29:53,374
"OPEX MENA VIRTUAL 2021 - Excellence in Safety & Operations",2021-03-29,2021-03-29 02:01:30,374
"OPEX MENA VIRTUAL 2021 - Excellence in Safety & Operations",2021-03-29,2021-03-29 10:42:16,377
"OPEX MENA VIRTUAL 2021 - Excellence in Safety & Operations",2021-03-30,2021-03-30 13:31:54,406
"OPEX MENA VIRTUAL 2021 - Excellence in Safety & Operations",2021-03-31,2021-03-31 10:17:37,411
"OPEX MENA VIRTUAL 2021 - Excellence in Safety & Operations",2021-03-31,2021-03-31 18:38:36,413
"OPEX MENA VIRTUAL 2021 - Excellence in Safety & Operations",2021-04-01,2021-04-01 10:07:48,416
"OPEX MENA VIRTUAL 2021 - Excellence in Safety & Operations",2021-04-03,2021-04-03 23:07:15,416
"Power BI Dashboard in a Day with GBI - Free Event",2021-03-27,2021-03-27 02:00:26,3627
"Power BI Dashboard in a Day with GBI - Free Event",2021-03-27,2021-03-27 14:49:23,3787
"Power BI Dashboard in a Day with GBI - Free Event",2021-03-29,2021-03-29 02:01:30,4065
"Power BI Dashboard in a Day with GBI - Free Event",2021-03-30,2021-03-30 13:31:54,4547
"Power BI Dashboard in a Day with GBI - Free Event",2021-03-31,2021-03-31 10:55:16,5128
"Power BI Dashboard in a Day with GBI - Free Event",2021-04-01,2021-04-01 10:47:39,5697
"Power BI Dashboard in a Day with GBI - Free Event",2021-04-02,2021-04-02 12:26:14,6307
"Power BI Dashboard in a Day with GBI - Free Event",2021-04-03,2021-04-03 22:32:06,6311
"A New Way to Data | Datasphere 2021 Virtual Event",2021-03-30,2021-03-30 13:31:54,629
"A New Way to Data | Datasphere 2021 Virtual Event",2021-03-30,2021-03-30 17:03:56,648
"A New Way to Data | Datasphere 2021 Virtual Event",2021-03-31,2021-03-31 23:53:46,653
"MON: 20th Wall Street Green Summit/Sustainable Fin & ESG Reporting",2021-02-25,2021-02-25 10:00:01,347
"MON: 20th Wall Street Green Summit/Sustainable Fin & ESG Reporting",2021-02-26,2021-02-26 22:01:53,362
"MON: 20th Wall Street Green Summit/Sustainable Fin & ESG Reporting",2021-02-27,2021-02-27 21:51:52,367
"MON: 20th Wall Street Green Summit/Sustainable Fin & ESG Reporting",2021-02-28,2021-02-28 14:22:01,373
"MON: 20th Wall Street Green Summit/Sustainable Fin & ESG Reporting",2021-03-01,2021-03-01 16:39:50,382
"MON: 20th Wall Street Green Summit/Sustainable Fin & ESG Reporting",2021-03-02,2021-03-02 21:49:17,391
"MON: 20th Wall Street Green Summit/Sustainable Fin & ESG Reporting",2021-03-03,2021-03-03 23:38:17,399
"MON: 20th Wall Street Green Summit/Sustainable Fin & ESG Reporting",2021-03-06,2021-03-06 00:47:41,417
"MON: 20th Wall Street Green Summit/Sustainable Fin & ESG Reporting",2021-03-08,2021-03-08 20:53:05,436
"MON: 20th Wall Street Green Summit/Sustainable Fin & ESG Reporting",2021-03-10,2021-03-10 23:37:41,466
"MON: 20th Wall Street Green Summit/Sustainable Fin & ESG Reporting",2021-03-11,2021-03-11 22:51:15,479
"MON: 20th Wall Street Green Summit/Sustainable Fin & ESG Reporting",2021-03-12,2021-03-12 09:29:15,479
"MON: 20th Wall Street Green Summit/Sustainable Fin & ESG Reporting",2021-03-14,2021-03-14 12:38:14,506
"MON: 20th Wall Street Green Summit/Sustainable Fin & ESG Reporting",2021-03-15,2021-03-15 23:57:03,532
"MON: 20th Wall Street Green Summit/Sustainable Fin & ESG Reporting",2021-03-17,2021-03-17 21:28:26,561
"MON: 20th Wall Street Green Summit/Sustainable Fin & ESG Reporting",2021-03-20,2021-03-20 23:00:27,596
"MON: 20th Wall Street Green Summit/Sustainable Fin & ESG Reporting",2021-03-22,2021-03-22 11:11:56,603
"MON: 20th Wall Street Green Summit/Sustainable Fin & ESG Reporting",2021-03-24,2021-03-24 23:07:24,635
"MON: 20th Wall Street Green Summit/Sustainable Fin & ESG Reporting",2021-03-26,2021-03-26 17:18:54,667
"MON: 20th Wall Street Green Summit/Sustainable Fin & ESG Reporting",2021-03-29,2021-03-29 20:24:53,698
"MON: 20th Wall Street Green Summit/Sustainable Fin & ESG Reporting",2021-03-30,2021-03-30 17:25:29,711
"Virtual Annual Job Fair (free for all job-seekers)",2021-03-27,2021-03-27 02:00:26,1646
"Virtual Annual Job Fair (free for all job-seekers)",2021-03-27,2021-03-27 14:49:23,1670
"Virtual Annual Job Fair (free for all job-seekers)",2021-03-28,2021-03-28 12:29:53,1714
"Virtual Annual Job Fair (free for all job-seekers)",2021-03-29,2021-03-29 02:01:30,1750
"Virtual Annual Job Fair (free for all job-seekers)",2021-03-29,2021-03-29 10:42:16,1769
"Virtual Annual Job Fair (free for all job-seekers)",2021-03-30,2021-03-30 13:31:54,1867
"Virtual Annual Job Fair (free for all job-seekers)",2021-03-30,2021-03-30 17:03:56,1901
"Virtual Annual Job Fair (free for all job-seekers)",2021-03-31,2021-03-31 10:17:37,1983
"Virtual Annual Job Fair (free for all job-seekers)",2021-03-31,2021-03-31 18:38:36,2107
"Learn Interview Skills From Manjiri Jamkhindikar.",2021-03-27,2021-03-27 02:00:26,24528
"Learn Interview Skills From Manjiri Jamkhindikar.",2021-03-27,2021-03-27 14:49:23,24662
"Learn Interview Skills From Manjiri Jamkhindikar.",2021-03-28,2021-03-28 12:29:53,24800
"Learn Interview Skills From Manjiri Jamkhindikar.",2021-03-29,2021-03-29 02:01:30,24863
"Learn Interview Skills From Manjiri Jamkhindikar.",2021-03-29,2021-03-29 10:42:16,24932
"Learn Interview Skills From Manjiri Jamkhindikar.",2021-03-30,2021-03-30 13:31:54,25250
"Learn Interview Skills From Manjiri Jamkhindikar.",2021-03-30,2021-03-30 17:03:56,25353
"Learn Interview Skills From Manjiri Jamkhindikar.",2021-03-31,2021-03-31 10:17:37,25714
"Learn Interview Skills From Manjiri Jamkhindikar.",2021-03-31,2021-03-31 18:38:36,26142
"Learn Interview Skills From Manjiri Jamkhindikar.",2021-04-01,2021-04-01 10:07:48,26353
"India Virtual Tech Jobs Fair",2021-02-12,2021-02-12 01:20:27,2563
"India Virtual Tech Jobs Fair",2021-02-12,2021-02-12 10:27:36,2648
"India Virtual Tech Jobs Fair",2021-02-12,2021-02-12 20:25:25,2732
"India Virtual Tech Jobs Fair",2021-02-12,2021-02-12 20:57:41,2736
"India Virtual Tech Jobs Fair",2021-02-13,2021-02-13 00:32:26,2740
"India Virtual Tech Jobs Fair",2021-02-13,2021-02-13 10:35:15,2788
"India Virtual Tech Jobs Fair",2021-02-13,2021-02-13 11:01:29,2790
"India Virtual Tech Jobs Fair",2021-02-13,2021-02-13 18:31:58,2846
"India Virtual Tech Jobs Fair",2021-02-13,2021-02-13 18:53:37,2847
"India Virtual Tech Jobs Fair",2021-02-14,2021-02-14 01:00:15,2851
"India Virtual Tech Jobs Fair",2021-02-14,2021-02-14 17:41:28,2937
"India Virtual Tech Jobs Fair",2021-02-15,2021-02-15 01:24:00,2949
"India Virtual Tech Jobs Fair",2021-02-15,2021-02-15 13:33:25,3001
"India Virtual Tech Jobs Fair",2021-02-15,2021-02-15 13:43:28,3002
"India Virtual Tech Jobs Fair",2021-02-15,2021-02-15 22:39:35,3024
"India Virtual Tech Jobs Fair",2021-02-16,2021-02-16 11:04:54,3210
"India Virtual Tech Jobs Fair",2021-02-16,2021-02-16 12:12:11,3225
"India Virtual Tech Jobs Fair",2021-02-16,2021-02-16 19:58:17,3315
"India Virtual Tech Jobs Fair",2021-02-17,2021-02-17 09:56:29,3417
"India Virtual Tech Jobs Fair",2021-02-17,2021-02-17 10:29:38,3427
"India Virtual Tech Jobs Fair",2021-02-17,2021-02-17 17:31:23,3485
"India Virtual Tech Jobs Fair",2021-02-18,2021-02-18 00:21:10,3500
"India Virtual Tech Jobs Fair",2021-02-18,2021-02-18 09:50:34,3580
"India Virtual Tech Jobs Fair",2021-02-18,2021-02-18 21:19:31,3661
"India Virtual Tech Jobs Fair",2021-02-19,2021-02-19 08:19:50,3728
"India Virtual Tech Jobs Fair",2021-02-19,2021-02-19 09:03:56,3741
"India Virtual Tech Jobs Fair",2021-02-20,2021-02-20 10:37:03,3878
"India Virtual Tech Jobs Fair",2021-02-20,2021-02-20 11:06:33,3883
"India Virtual Tech Jobs Fair",2021-02-20,2021-02-20 11:41:53,3884
"India Virtual Tech Jobs Fair",2021-02-21,2021-02-21 11:08:57,3968
"India Virtual Tech Jobs Fair",2021-02-21,2021-02-21 11:46:47,3969
"India Virtual Tech Jobs Fair",2021-02-21,2021-02-21 14:11:06,3983
"India Virtual Tech Jobs Fair",2021-02-22,2021-02-22 11:05:01,4058
"India Virtual Tech Jobs Fair",2021-02-22,2021-02-22 14:34:16,4086
"India Virtual Tech Jobs Fair",2021-02-22,2021-02-22 18:36:26,4102
"India Virtual Tech Jobs Fair",2021-02-23,2021-02-23 10:51:43,4261
"India Virtual Tech Jobs Fair",2021-02-23,2021-02-23 12:16:37,4279
"India Virtual Tech Jobs Fair",2021-02-23,2021-02-23 21:19:23,4377
"India Virtual Tech Jobs Fair",2021-02-24,2021-02-24 00:53:12,4380
"India Virtual Tech Jobs Fair",2021-02-24,2021-02-24 11:42:34,4463
"India Virtual Tech Jobs Fair",2021-02-24,2021-02-24 18:04:26,4495
"India Virtual Tech Jobs Fair",2021-02-24,2021-02-24 19:17:17,4502
"India Virtual Tech Jobs Fair",2021-02-25,2021-02-25 10:00:01,4563
"India Virtual Tech Jobs Fair",2021-02-25,2021-02-25 14:07:48,4598
"India Virtual Tech Jobs Fair",2021-02-25,2021-02-25 15:36:53,4601
"India Virtual Tech Jobs Fair",2021-02-26,2021-02-26 14:00:26,4749
"India Virtual Tech Jobs Fair",2021-02-26,2021-02-26 15:11:43,4765
"India Virtual Tech Jobs Fair",2021-02-26,2021-02-26 16:34:02,4769
"India Virtual Tech Jobs Fair",2021-02-26,2021-02-26 22:01:53,4798
"India Virtual Tech Jobs Fair",2021-02-27,2021-02-27 15:01:50,4873
"India Virtual Tech Jobs Fair",2021-02-27,2021-02-27 19:57:01,4899
"India Virtual Tech Jobs Fair",2021-02-28,2021-02-28 11:46:49,4961
"India Virtual Tech Jobs Fair",2021-02-28,2021-02-28 13:12:57,4970
"India Virtual Tech Jobs Fair",2021-03-01,2021-03-01 02:23:53,5026
"India Virtual Tech Jobs Fair",2021-03-01,2021-03-01 09:56:35,5066
"India Virtual Tech Jobs Fair",2021-03-01,2021-03-01 12:52:55,5105
"India Virtual Tech Jobs Fair",2021-03-02,2021-03-02 10:04:21,5316
"India Virtual Tech Jobs Fair",2021-03-02,2021-03-02 16:24:00,5404
"India Virtual Tech Jobs Fair",2021-03-02,2021-03-02 17:47:46,5417
"India Virtual Tech Jobs Fair",2021-03-02,2021-03-02 23:19:44,5439
"India Virtual Tech Jobs Fair",2021-03-03,2021-03-03 09:15:28,5504
"India Virtual Tech Jobs Fair",2021-03-03,2021-03-03 13:37:21,5540
"India Virtual Tech Jobs Fair",2021-03-03,2021-03-03 14:44:28,5557
"India Virtual Tech Jobs Fair",2021-03-04,2021-03-04 10:28:27,5683
"India Virtual Tech Jobs Fair",2021-03-04,2021-03-04 15:15:22,5726
"India Virtual Tech Jobs Fair",2021-03-05,2021-03-05 09:24:37,5867
"India Virtual Tech Jobs Fair",2021-03-05,2021-03-05 15:02:48,5950
"India Virtual Tech Jobs Fair",2021-03-05,2021-03-05 23:50:28,6001
"India Virtual Tech Jobs Fair",2021-03-06,2021-03-06 00:26:48,6001
"India Virtual Tech Jobs Fair",2021-03-06,2021-03-06 00:26:48,6002
"Live Chat with Google Product Manager",2021-02-12,2021-02-12 01:20:27,2302
"Live Chat with Google Product Manager",2021-02-12,2021-02-12 20:25:25,2472
"Live Chat with Google Product Manager",2021-02-12,2021-02-12 20:57:41,2483
"Live Chat with Google Product Manager",2021-02-13,2021-02-13 10:35:15,2567
"Live Chat with Google Product Manager",2021-02-13,2021-02-13 18:53:37,2623
"Live Chat with Google Product Manager",2021-02-14,2021-02-14 01:00:15,2650
"Live Chat with Google Product Manager",2021-02-15,2021-02-15 13:43:28,2806
"Live Chat with Google Product Manager",2021-02-16,2021-02-16 11:04:54,2950
"Live Chat with Google Product Manager",2021-02-17,2021-02-17 09:56:29,3192
"Live Chat with Google Product Manager",2021-02-18,2021-02-18 00:21:10,3331
"Live Chat with Google Product Manager",2021-02-18,2021-02-18 09:50:34,3398
"Live Chat with Google Product Manager",2021-02-19,2021-02-19 09:03:56,3657
"Live Chat with Google Product Manager",2021-02-20,2021-02-20 11:06:33,3905
"Live Chat with Google Product Manager",2021-02-21,2021-02-21 14:11:06,4011
"Live Chat with Google Product Manager",2021-02-22,2021-02-22 14:34:16,4127
"Live Chat with Google Product Manager",2021-02-23,2021-02-23 12:16:37,4332
"Live Chat with Google Product Manager",2021-02-24,2021-02-24 00:53:12,4533
"Live Chat with Google Product Manager",2021-02-24,2021-02-24 18:04:26,4708
"Live Chat with Google Product Manager",2021-02-25,2021-02-25 15:36:53,4909
"Live Chat with Google Product Manager",2021-02-26,2021-02-26 16:34:02,5180
"Live Chat with Google Product Manager",2021-02-27,2021-02-27 19:57:01,5369
"Live Chat with Google Product Manager",2021-02-28,2021-02-28 13:12:57,5441
"Live Chat with Google Product Manager",2021-03-01,2021-03-01 12:52:55,5607
"Live Chat with Google Product Manager",2021-03-02,2021-03-02 16:24:00,5938
"Live Chat with Google Product Manager",2021-03-03,2021-03-03 14:44:28,6249
"Live Chat with Google Product Manager",2021-03-04,2021-03-04 15:15:22,6549
"Live Chat with Google Product Manager",2021-03-05,2021-03-05 23:50:28,6968
"Live Chat with Google Product Manager",2021-03-06,2021-03-06 16:26:58,7075
"Live Chat with Google Product Manager",2021-03-07,2021-03-07 09:59:55,7197
"Live Chat with Google Product Manager",2021-03-08,2021-03-08 19:57:42,7484
"Live Chat with Google Product Manager",2021-03-10,2021-03-10 15:46:25,8151
"Live Chat with Google Product Manager",2021-03-11,2021-03-11 22:14:08,8599
"Live Chat with Google Product Manager",2021-03-12,2021-03-12 11:51:51,8799
"Live Chat with Google Product Manager",2021-03-13,2021-03-13 12:21:41,9158
"Live Chat with Google Product Manager",2021-03-14,2021-03-14 11:19:10,9398
"Live Chat with Google Product Manager",2021-03-15,2021-03-15 10:25:52,9648
"Live Chat with Google Product Manager",2021-03-16,2021-03-16 12:23:17,10138
"Live Chat with Google Product Manager",2021-03-16,2021-03-16 23:14:28,10427
"Live Chat with Google Product Manager",2021-03-17,2021-03-17 21:05:47,10887
"Live Chat with Google Product Manager",2021-03-18,2021-03-18 11:15:24,11125
"Live Chat with Google Product Manager",2021-03-19,2021-03-19 01:10:56,11507
"Live Chat with Google Product Manager",2021-03-19,2021-03-19 10:27:13,11714
"Live Chat with Google Product Manager",2021-03-20,2021-03-20 11:33:02,12180
"Live Chat with Google Product Manager",2021-03-21,2021-03-21 10:00:39,12482
"Live Chat with Google Product Manager",2021-03-21,2021-03-21 23:28:21,12687
"Live Chat with Google Product Manager",2021-03-22,2021-03-22 10:33:58,12942
"Live Chat with Google Product Manager",2021-03-22,2021-03-22 23:10:11,13278
"Live Chat with Google Product Manager",2021-03-23,2021-03-23 10:04:28,13472
"Live Chat with Google Product Manager",2021-03-24,2021-03-24 09:00:10,14100
"Live Chat with Google Product Manager",2021-03-25,2021-03-25 16:49:07,14989
"Live Chat with Google Product Manager",2021-03-26,2021-03-26 14:21:14,15601
"Live Chat with Google Product Manager",2021-03-28,2021-03-28 12:29:53,16432
"Live Chat with Google Product Manager",2021-03-29,2021-03-29 02:13:06,16701
"India Virtual Tech Jobs Fair",2021-03-06,2021-03-06 16:26:58,6118
"India Virtual Tech Jobs Fair",2021-03-07,2021-03-07 09:59:55,6186
"India Virtual Tech Jobs Fair",2021-03-07,2021-03-07 09:59:55,6188
"India Virtual Tech Jobs Fair",2021-03-07,2021-03-07 10:22:24,6191
"India Virtual Tech Jobs Fair",2021-03-08,2021-03-08 00:23:18,6265
"India Virtual Tech Jobs Fair",2021-03-08,2021-03-08 10:06:12,6341
"India Virtual Tech Jobs Fair",2021-03-08,2021-03-08 19:57:42,6398
"India Virtual Tech Jobs Fair",2021-03-09,2021-03-09 13:25:24,6634
"India Virtual Tech Jobs Fair",2021-03-10,2021-03-10 15:33:40,6898
"India Virtual Tech Jobs Fair",2021-03-10,2021-03-10 15:46:25,6900
"India Virtual Tech Jobs Fair",2021-03-11,2021-03-11 10:14:40,7009
"India Virtual Tech Jobs Fair",2021-03-11,2021-03-11 12:21:17,7026
"India Virtual Tech Jobs Fair",2021-03-11,2021-03-11 22:23:55,7080
"India Virtual Tech Jobs Fair",2021-03-12,2021-03-12 09:41:22,7262
"India Virtual Tech Jobs Fair",2021-03-12,2021-03-12 09:41:22,7264
"India Virtual Tech Jobs Fair",2021-03-12,2021-03-12 11:51:51,7299
"India Virtual Tech Jobs Fair",2021-03-13,2021-03-13 10:26:23,7538
"India Virtual Tech Jobs Fair",2021-03-13,2021-03-13 12:21:41,7570
"India Virtual Tech Jobs Fair",2021-03-13,2021-03-13 23:51:26,7643
"India Virtual Tech Jobs Fair",2021-03-14,2021-03-14 00:01:08,7643
"India Virtual Tech Jobs Fair",2021-03-14,2021-03-14 11:19:10,7738
"India Virtual Tech Jobs Fair",2021-03-14,2021-03-14 11:38:24,7743
"India Virtual Tech Jobs Fair",2021-03-15,2021-03-15 10:25:52,8093
"India Virtual Tech Jobs Fair",2021-03-15,2021-03-15 11:08:26,8117
"India Virtual Tech Jobs Fair",2021-03-16,2021-03-16 00:11:37,8261
"India Virtual Tech Jobs Fair",2021-03-16,2021-03-16 12:11:22,8409
"India Virtual Tech Jobs Fair",2021-03-16,2021-03-16 12:23:17,8416
"India Virtual Tech Jobs Fair",2021-03-16,2021-03-16 23:14:28,8588
"India Virtual Tech Jobs Fair",2021-03-20,2021-03-20 17:18:01,10020
"India Virtual Tech Jobs Fair",2021-03-22,2021-03-22 11:11:56,10521
"India Virtual Tech Jobs Fair",2021-03-24,2021-03-24 23:07:24,11660
"India Virtual Tech Jobs Fair",2021-03-25,2021-03-25 23:45:17,12116
"India Virtual Tech Jobs Fair",2021-03-26,2021-03-26 23:52:30,12619
"India Virtual Tech Jobs Fair",2021-03-27,2021-03-27 14:49:23,12882
"India Virtual Tech Jobs Fair",2021-03-29,2021-03-29 22:29:23,13563
"India Virtual Tech Jobs Fair",2021-04-01,2021-04-01 00:00:08,15054
"Webinar: Develop a Product Thinking Mindset by American Express Sr PM",2021-03-09,2021-03-09 13:25:24,2629
"Webinar: Develop a Product Thinking Mindset by American Express Sr PM",2021-03-10,2021-03-10 18:13:00,2714
"Webinar: Develop a Product Thinking Mindset by American Express Sr PM",2021-03-11,2021-03-11 12:21:17,2751
"Webinar: Develop a Product Thinking Mindset by American Express Sr PM",2021-03-12,2021-03-12 18:13:19,2834
"Webinar: Develop a Product Thinking Mindset by American Express Sr PM",2021-03-13,2021-03-13 12:21:41,2880
"Webinar: Develop a Product Thinking Mindset by American Express Sr PM",2021-03-14,2021-03-14 00:01:08,2904
"Webinar: Develop a Product Thinking Mindset by American Express Sr PM",2021-03-14,2021-03-14 11:38:24,2926
"Webinar: Develop a Product Thinking Mindset by American Express Sr PM",2021-03-15,2021-03-15 23:46:25,3015
"Webinar: Develop a Product Thinking Mindset by American Express Sr PM",2021-03-16,2021-03-16 12:23:17,3051
"Webinar: Develop a Product Thinking Mindset by American Express Sr PM",2021-03-17,2021-03-17 20:14:41,3167
"Webinar: Develop a Product Thinking Mindset by American Express Sr PM",2021-03-19,2021-03-19 01:10:56,3270
"Webinar: Develop a Product Thinking Mindset by American Express Sr PM",2021-03-20,2021-03-20 11:33:02,3370
"Webinar: Develop a Product Thinking Mindset by American Express Sr PM",2021-03-20,2021-03-20 17:07:08,3390
"Webinar: Develop a Product Thinking Mindset by American Express Sr PM",2021-03-21,2021-03-21 10:00:39,3422
"Webinar: Develop a Product Thinking Mindset by American Express Sr PM",2021-03-21,2021-03-21 23:28:21,3452
"Webinar: Develop a Product Thinking Mindset by American Express Sr PM",2021-03-22,2021-03-22 10:33:58,3478
"Webinar: Develop a Product Thinking Mindset by American Express Sr PM",2021-03-24,2021-03-24 21:14:00,3703
"Webinar: Develop a Product Thinking Mindset by American Express Sr PM",2021-03-25,2021-03-25 23:35:24,3826
"Webinar: Develop a Product Thinking Mindset by American Express Sr PM",2021-03-26,2021-03-26 10:17:46,3871
"Webinar: Develop a Product Thinking Mindset by American Express Sr PM",2021-03-27,2021-03-27 14:49:23,3995
"Webinar: Develop a Product Thinking Mindset by American Express Sr PM",2021-03-29,2021-03-29 02:13:06,4109
"Webinar: Develop a Product Thinking Mindset by American Express Sr PM",2021-03-30,2021-03-30 17:25:29,4325
"Webinar: Develop a Product Thinking Mindset by American Express Sr PM",2021-03-31,2021-03-31 10:55:16,4498
"Webinar: Develop a Product Thinking Mindset by American Express Sr PM",2021-04-01,2021-04-01 10:47:39,4734
"OPEX MENA VIRTUAL 2021 - Excellence in Safety & Operations",2021-02-25,2021-02-25 14:07:48,296
"OPEX MENA VIRTUAL 2021 - Excellence in Safety & Operations",2021-02-26,2021-02-26 14:00:26,300
"OPEX MENA VIRTUAL 2021 - Excellence in Safety & Operations",2021-02-26,2021-02-26 21:42:19,302
"OPEX MENA VIRTUAL 2021 - Excellence in Safety & Operations",2021-02-27,2021-02-27 15:01:50,304
"OPEX MENA VIRTUAL 2021 - Excellence in Safety & Operations",2021-02-28,2021-02-28 11:46:49,305
"OPEX MENA VIRTUAL 2021 - Excellence in Safety & Operations",2021-03-01,2021-03-01 09:56:35,305
"OPEX MENA VIRTUAL 2021 - Excellence in Safety & Operations",2021-03-02,2021-03-02 10:04:21,309
"OPEX MENA VIRTUAL 2021 - Excellence in Safety & Operations",2021-03-03,2021-03-03 09:15:28,317
"OPEX MENA VIRTUAL 2021 - Excellence in Safety & Operations",2021-03-04,2021-03-04 10:28:27,321
"OPEX MENA VIRTUAL 2021 - Excellence in Safety & Operations",2021-03-05,2021-03-05 09:24:37,321
"OPEX MENA VIRTUAL 2021 - Excellence in Safety & Operations",2021-03-06,2021-03-06 16:41:16,324
"OPEX MENA VIRTUAL 2021 - Excellence in Safety & Operations",2021-03-07,2021-03-07 09:59:55,325
"OPEX MENA VIRTUAL 2021 - Excellence in Safety & Operations",2021-03-08,2021-03-08 10:06:12,326
"OPEX MENA VIRTUAL 2021 - Excellence in Safety & Operations",2021-03-10,2021-03-10 23:51:25,333
"OPEX MENA VIRTUAL 2021 - Excellence in Safety & Operations",2021-03-11,2021-03-11 22:51:15,336
"OPEX MENA VIRTUAL 2021 - Excellence in Safety & Operations",2021-03-12,2021-03-12 09:29:15,336
"OPEX MENA VIRTUAL 2021 - Excellence in Safety & Operations",2021-03-13,2021-03-13 23:51:26,337
"OPEX MENA VIRTUAL 2021 - Excellence in Safety & Operations",2021-03-14,2021-03-14 11:38:24,339
"OPEX MENA VIRTUAL 2021 - Excellence in Safety & Operations",2021-03-15,2021-03-15 10:25:52,341
"OPEX MENA VIRTUAL 2021 - Excellence in Safety & Operations",2021-03-16,2021-03-16 12:11:22,341
"OPEX MENA VIRTUAL 2021 - Excellence in Safety & Operations",2021-03-17,2021-03-17 20:39:21,348
"OPEX MENA VIRTUAL 2021 - Excellence in Safety & Operations",2021-03-18,2021-03-18 11:25:59,349
"OPEX MENA VIRTUAL 2021 - Excellence in Safety & Operations",2021-03-19,2021-03-19 01:10:56,351
"OPEX MENA VIRTUAL 2021 - Excellence in Safety & Operations",2021-03-20,2021-03-20 17:07:08,355
"OPEX MENA VIRTUAL 2021 - Excellence in Safety & Operations",2021-03-21,2021-03-21 23:06:09,357
"OPEX MENA VIRTUAL 2021 - Excellence in Safety & Operations",2021-03-22,2021-03-22 23:10:11,359
"OPEX MENA VIRTUAL 2021 - Excellence in Safety & Operations",2021-03-23,2021-03-23 10:04:28,361
"OPEX MENA VIRTUAL 2021 - Excellence in Safety & Operations",2021-03-24,2021-03-24 21:08:22,365
"OPEX MENA VIRTUAL 2021 - Excellence in Safety & Operations",2021-03-25,2021-03-25 16:26:33,368
"OPEX MENA VIRTUAL 2021 - Excellence in Safety & Operations",2021-03-26,2021-03-26 10:17:46,371
"OPEX MENA VIRTUAL 2021 - Excellence in Safety & Operations",2021-03-27,2021-03-27 14:49:23,372
"OPEX MENA VIRTUAL 2021 - Excellence in Safety & Operations",2021-03-28,2021-03-28 12:29:53,374
"OPEX MENA VIRTUAL 2021 - Excellence in Safety & Operations",2021-03-29,2021-03-29 02:01:30,374
"OPEX MENA VIRTUAL 2021 - Excellence in Safety & Operations",2021-03-29,2021-03-29 10:42:16,377
"OPEX MENA VIRTUAL 2021 - Excellence in Safety & Operations",2021-03-30,2021-03-30 13:31:54,406
"OPEX MENA VIRTUAL 2021 - Excellence in Safety & Operations",2021-03-31,2021-03-31 10:17:37,411
"OPEX MENA VIRTUAL 2021 - Excellence in Safety & Operations",2021-03-31,2021-03-31 18:38:36,413
"OPEX MENA VIRTUAL 2021 - Excellence in Safety & Operations",2021-04-01,2021-04-01 10:07:48,416
"Webinar: Develop a Product Thinking Mindset by American Express Sr PM",2021-03-09,2021-03-09 13:25:24,2629
"Webinar: Develop a Product Thinking Mindset by American Express Sr PM",2021-03-10,2021-03-10 18:13:00,2714
"Webinar: Develop a Product Thinking Mindset by American Express Sr PM",2021-03-11,2021-03-11 12:21:17,2751
"Webinar: Develop a Product Thinking Mindset by American Express Sr PM",2021-03-12,2021-03-12 18:13:19,2834
"Webinar: Develop a Product Thinking Mindset by American Express Sr PM",2021-03-13,2021-03-13 12:21:41,2880
"Webinar: Develop a Product Thinking Mindset by American Express Sr PM",2021-03-14,2021-03-14 00:01:08,2904
"Webinar: Develop a Product Thinking Mindset by American Express Sr PM",2021-03-14,2021-03-14 11:38:24,2926
"Webinar: Develop a Product Thinking Mindset by American Express Sr PM",2021-03-15,2021-03-15 23:46:25,3015
"Webinar: Develop a Product Thinking Mindset by American Express Sr PM",2021-03-16,2021-03-16 12:23:17,3051
"Webinar: Develop a Product Thinking Mindset by American Express Sr PM",2021-03-17,2021-03-17 20:14:41,3167
"Webinar: Develop a Product Thinking Mindset by American Express Sr PM",2021-03-19,2021-03-19 01:10:56,3270
"Webinar: Develop a Product Thinking Mindset by American Express Sr PM",2021-03-20,2021-03-20 11:33:02,3370
"Webinar: Develop a Product Thinking Mindset by American Express Sr PM",2021-03-20,2021-03-20 17:07:08,3390
"Webinar: Develop a Product Thinking Mindset by American Express Sr PM",2021-03-21,2021-03-21 10:00:39,3422
"Webinar: Develop a Product Thinking Mindset by American Express Sr PM",2021-03-21,2021-03-21 23:28:21,3452
"Webinar: Develop a Product Thinking Mindset by American Express Sr PM",2021-03-22,2021-03-22 10:33:58,3478
"Webinar: Develop a Product Thinking Mindset by American Express Sr PM",2021-03-24,2021-03-24 21:14:00,3703
"Webinar: Develop a Product Thinking Mindset by American Express Sr PM",2021-03-25,2021-03-25 23:35:24,3826
"Webinar: Develop a Product Thinking Mindset by American Express Sr PM",2021-03-26,2021-03-26 10:17:46,3871
"Webinar: Develop a Product Thinking Mindset by American Express Sr PM",2021-03-27,2021-03-27 14:49:23,3995
"Webinar: Develop a Product Thinking Mindset by American Express Sr PM",2021-03-29,2021-03-29 02:13:06,4109
"Webinar: Develop a Product Thinking Mindset by American Express Sr PM",2021-03-30,2021-03-30 17:25:29,4325
"Webinar: Develop a Product Thinking Mindset by American Express Sr PM",2021-03-31,2021-03-31 10:55:16,4498
"Webinar: Develop a Product Thinking Mindset by American Express Sr PM",2021-04-01,2021-04-01 10:47:39,4734
"How Data has Changed the Fashion & Retail Industry",2021-04-01,2021-04-01 19:40:47,634
"The Bucket List Summit for AI Big Data & Ethics",2021-04-01,2021-04-01 19:40:47,410
"Global Digital HR Transformation & Analytics Virtual Conference 2021",2021-04-01,2021-04-01 19:40:47,396
"Responsible AI for Data Science 2",2021-04-01,2021-04-01 19:40:47,535
"Global Digital HR Transformation & Analytics Virtual Conference 2021",2021-03-04,2021-03-04 15:15:22,267
"Global Digital HR Transformation & Analytics Virtual Conference 2021",2021-03-05,2021-03-05 09:24:37,271
"Global Digital HR Transformation & Analytics Virtual Conference 2021",2021-03-05,2021-03-05 23:59:54,275
"Global Digital HR Transformation & Analytics Virtual Conference 2021",2021-03-06,2021-03-06 16:41:16,278
"Global Digital HR Transformation & Analytics Virtual Conference 2021",2021-03-07,2021-03-07 09:59:55,281
"Global Digital HR Transformation & Analytics Virtual Conference 2021",2021-03-08,2021-03-08 20:21:46,289
"Global Digital HR Transformation & Analytics Virtual Conference 2021",2021-03-10,2021-03-10 15:33:40,295
"Global Digital HR Transformation & Analytics Virtual Conference 2021",2021-03-10,2021-03-10 15:46:25,296
"Global Digital HR Transformation & Analytics Virtual Conference 2021",2021-03-11,2021-03-11 10:14:40,298
"Global Digital HR Transformation & Analytics Virtual Conference 2021",2021-03-11,2021-03-11 22:23:55,299
"Global Digital HR Transformation & Analytics Virtual Conference 2021",2021-03-12,2021-03-12 11:51:51,300
"Global Digital HR Transformation & Analytics Virtual Conference 2021",2021-03-13,2021-03-13 23:51:26,303
"Global Digital HR Transformation & Analytics Virtual Conference 2021",2021-03-14,2021-03-14 11:19:10,307
"Global Digital HR Transformation & Analytics Virtual Conference 2021",2021-03-15,2021-03-15 11:08:26,314
"Global Digital HR Transformation & Analytics Virtual Conference 2021",2021-03-16,2021-03-16 12:23:17,317
"Global Digital HR Transformation & Analytics Virtual Conference 2021",2021-03-16,2021-03-16 23:14:28,320
"Global Digital HR Transformation & Analytics Virtual Conference 2021",2021-03-17,2021-03-17 21:05:47,325
"Global Digital HR Transformation & Analytics Virtual Conference 2021",2021-03-18,2021-03-18 11:15:24,328
"Global Digital HR Transformation & Analytics Virtual Conference 2021",2021-03-18,2021-03-18 11:25:59,329
"Global Digital HR Transformation & Analytics Virtual Conference 2021",2021-03-19,2021-03-19 01:10:56,332
"Global Digital HR Transformation & Analytics Virtual Conference 2021",2021-03-19,2021-03-19 10:27:13,336
"Global Digital HR Transformation & Analytics Virtual Conference 2021",2021-03-20,2021-03-20 11:33:02,343
"Global Digital HR Transformation & Analytics Virtual Conference 2021",2021-03-20,2021-03-20 17:07:08,345
"Global Digital HR Transformation & Analytics Virtual Conference 2021",2021-03-21,2021-03-21 10:00:39,350
"Global Digital HR Transformation & Analytics Virtual Conference 2021",2021-03-21,2021-03-21 12:37:21,351
"Global Digital HR Transformation & Analytics Virtual Conference 2021",2021-03-21,2021-03-21 23:28:21,356
"Global Digital HR Transformation & Analytics Virtual Conference 2021",2021-03-22,2021-03-22 10:33:58,359
"Global Digital HR Transformation & Analytics Virtual Conference 2021",2021-03-22,2021-03-22 23:10:11,384
"Global Digital HR Transformation & Analytics Virtual Conference 2021",2021-03-23,2021-03-23 10:04:28,388
"Global Digital HR Transformation & Analytics Virtual Conference 2021",2021-03-24,2021-03-24 09:00:10,393
"Global Digital HR Transformation & Analytics Virtual Conference 2021",2021-03-24,2021-03-24 21:08:22,396
"Global Digital HR Transformation & Analytics Virtual Conference 2021",2021-03-26,2021-03-26 17:18:54,396
"Global Digital HR Transformation & Analytics Virtual Conference 2021",2021-03-29,2021-03-29 20:24:53,396
"Global Digital HR Transformation & Analytics Virtual Conference 2021",2021-03-31,2021-03-31 11:26:16,396
"How Data has Changed the Fashion & Retail Industry",2021-03-27,2021-03-27 02:00:26,317
"How Data has Changed the Fashion & Retail Industry",2021-03-27,2021-03-27 14:49:23,333
"How Data has Changed the Fashion & Retail Industry",2021-03-29,2021-03-29 02:01:30,372
"How Data has Changed the Fashion & Retail Industry",2021-03-30,2021-03-30 13:31:54,427
"How Data has Changed the Fashion & Retail Industry",2021-03-31,2021-03-31 10:55:16,506
"How Data has Changed the Fashion & Retail Industry",2021-03-31,2021-03-31 11:26:16,516
"Responsible AI for Data Science 2",2021-03-27,2021-03-27 02:00:26,258
"Responsible AI for Data Science 2",2021-03-27,2021-03-27 14:49:23,263
"Responsible AI for Data Science 2",2021-03-29,2021-03-29 02:01:30,269
"Responsible AI for Data Science 2",2021-03-31,2021-03-31 10:55:16,384
"Responsible AI for Data Science 2",2021-03-31,2021-03-31 11:26:16,385
"The Bucket List Summit for AI Big Data & Ethics",2021-03-27,2021-03-27 02:00:26,334
"The Bucket List Summit for AI Big Data & Ethics",2021-03-27,2021-03-27 14:49:23,343
"The Bucket List Summit for AI Big Data & Ethics",2021-03-29,2021-03-29 02:01:30,355
"The Bucket List Summit for AI Big Data & Ethics",2021-03-30,2021-03-30 13:31:54,399
"The Bucket List Summit for AI Big Data & Ethics",2021-03-31,2021-03-31 11:26:16,410
"LinkedIn Forward",2021-02-25,2021-02-25 10:00:01,7492
"LinkedIn Forward",2021-02-25,2021-02-25 14:07:48,7671
"LinkedIn Forward",2021-02-26,2021-02-26 14:00:26,8665
"LinkedIn Forward",2021-02-26,2021-02-26 15:11:43,8769
"LinkedIn Forward",2021-02-26,2021-02-26 21:42:19,9045
"LinkedIn Forward",2021-02-26,2021-02-26 22:01:53,9047
"LinkedIn Forward",2021-02-27,2021-02-27 15:01:50,9329
"LinkedIn Forward",2021-02-28,2021-02-28 11:46:49,9583
"LinkedIn Forward",2021-02-28,2021-02-28 18:06:17,9672
"LinkedIn Forward",2021-03-01,2021-03-01 02:23:53,9784
"LinkedIn Forward",2021-03-01,2021-03-01 09:56:35,9906
"LinkedIn Forward",2021-03-02,2021-03-02 10:04:21,11125
"LinkedIn Forward",2021-03-02,2021-03-02 17:47:46,12035
"LinkedIn Forward",2021-03-02,2021-03-02 23:19:44,12508
"LinkedIn Forward",2021-03-03,2021-03-03 09:15:28,12815
"LinkedIn Forward",2021-03-03,2021-03-03 13:37:21,12977
"LinkedIn Forward",2021-03-04,2021-03-04 10:28:27,13852
"LinkedIn Forward",2021-03-04,2021-03-04 15:15:22,14014
"LinkedIn Forward",2021-03-05,2021-03-05 09:24:37,14671
"LinkedIn Forward",2021-03-05,2021-03-05 15:02:48,14869
"LinkedIn Forward",2021-03-06,2021-03-06 00:26:48,15335
"LinkedIn Forward",2021-03-06,2021-03-06 00:26:48,15340
"LinkedIn Forward",2021-03-07,2021-03-07 09:59:55,15800
"LinkedIn Forward",2021-03-07,2021-03-07 10:22:24,15804
"LinkedIn Forward",2021-03-08,2021-03-08 00:23:18,16039
"LinkedIn Forward",2021-03-08,2021-03-08 10:06:12,16191
"LinkedIn Forward",2021-03-08,2021-03-08 19:57:42,16550
"LinkedIn Forward",2021-03-09,2021-03-09 13:25:24,17178
"LinkedIn Forward",2021-03-10,2021-03-10 15:33:40,18528
"LinkedIn Forward",2021-03-11,2021-03-11 10:14:40,19026
"LinkedIn Forward",2021-03-11,2021-03-11 12:21:17,19070
"LinkedIn Forward",2021-03-12,2021-03-12 09:41:22,19928
"LinkedIn Forward",2021-03-12,2021-03-12 09:41:22,19931
"LinkedIn Forward",2021-03-13,2021-03-13 10:26:23,20630
"LinkedIn Forward",2021-03-13,2021-03-13 23:51:26,20846
"LinkedIn Forward",2021-03-14,2021-03-14 00:01:08,20849
"LinkedIn Forward",2021-03-14,2021-03-14 11:38:24,20987
"LinkedIn Forward",2021-03-15,2021-03-15 10:25:52,21350
"LinkedIn Forward",2021-03-15,2021-03-15 11:08:26,21364
"LinkedIn Forward",2021-03-16,2021-03-16 00:11:37,22020
"LinkedIn Forward",2021-03-16,2021-03-16 12:11:22,22381
"LinkedIn Forward",2021-03-16,2021-03-16 12:23:17,22399
"LinkedIn Forward",2021-03-17,2021-03-17 20:14:41,25722
"LinkedIn Forward",2021-03-17,2021-03-17 20:39:21,25779
"LinkedIn Forward",2021-03-18,2021-03-18 11:15:24,26462
"LinkedIn Forward",2021-03-18,2021-03-18 11:25:59,26464
"LinkedIn Forward",2021-03-19,2021-03-19 01:10:56,27237
"LinkedIn Forward",2021-03-19,2021-03-19 10:27:13,27468
"LinkedIn Forward",2021-03-20,2021-03-20 11:33:02,28218
"LinkedIn Forward",2021-03-20,2021-03-20 16:46:06,28314
"LinkedIn Forward",2021-03-21,2021-03-21 10:00:39,28579
"LinkedIn Forward",2021-03-21,2021-03-21 12:37:21,28599
"LinkedIn Forward",2021-03-21,2021-03-21 23:06:09,28871
"LinkedIn Forward",2021-03-22,2021-03-22 10:33:58,29086
"LinkedIn Forward",2021-03-22,2021-03-22 23:10:11,29604
"LinkedIn Forward",2021-03-23,2021-03-23 10:04:28,30069
"LinkedIn Forward",2021-03-24,2021-03-24 09:00:10,31846
"LinkedIn Forward",2021-03-24,2021-03-24 09:00:10,31847
"LinkedIn Forward",2021-03-24,2021-03-24 21:08:22,32690
"LinkedIn Forward",2021-03-24,2021-03-24 21:14:00,32713
"LinkedIn Forward",2021-03-25,2021-03-25 16:26:33,33457
"LinkedIn Forward",2021-03-25,2021-03-25 16:49:07,33511
"LinkedIn Forward",2021-03-25,2021-03-25 23:35:24,33914
"LinkedIn Forward",2021-03-26,2021-03-26 10:17:46,34176
"LinkedIn Forward",2021-03-27,2021-03-27 02:00:26,34749
"LinkedIn Forward",2021-03-27,2021-03-27 14:49:23,34902
"LinkedIn Forward",2021-03-27,2021-03-27 14:49:23,34904
"LinkedIn Forward",2021-03-28,2021-03-28 12:29:53,35185
"LinkedIn Forward",2021-03-29,2021-03-29 02:01:30,35394
"LinkedIn Forward",2021-03-29,2021-03-29 02:01:30,35395
"LinkedIn Forward",2021-03-29,2021-03-29 10:42:16,35542
"LinkedIn Forward",2021-03-30,2021-03-30 13:31:54,36958
"LinkedIn Forward",2021-03-30,2021-03-30 13:31:54,36971
"LinkedIn Forward",2021-03-30,2021-03-30 17:03:56,38336
"FinTech 2021",2021-03-31,2021-03-31 10:55:16,18093
"#datalift No 4 - Productionize data analytics and machine learning",2021-03-31,2021-03-31 11:26:16,485
"Data-driven product development: Learn how to build impactful products!",2021-03-31,2021-03-31 10:55:16,1160
"Schlumberger DELFI Data Science Hackathon 2021",2021-03-31,2021-03-31 10:55:16,2776
"Business Data Analytics - IIBA CBDA",2021-03-31,2021-03-31 10:55:16,1642
"Business Data Analytics",2021-03-31,2021-03-31 10:55:16,1059
"International DeepTech Investment Forum",2021-03-31,2021-03-31 10:55:16,991
"Online Tech Summit on Big Data Data Science & Machine Learning",2021-03-31,2021-03-31 10:55:16,1359
"Advanced tips & tricks - Skyrocket your Productivity with Microsoft Outlook",2021-03-31,2021-03-31 18:38:36,14921
"Advanced tips & tricks - Skyrocket your Productivity with Microsoft Outlook",2021-03-31,2021-03-31 18:38:36,10933
"Gibson Reports Virtual RSS Event: Push It Point It Rotate It March 3",2021-03-31,2021-03-31 18:38:36,7424
"Sensors & IIoT: Manufacturing + Automation + Robotics North America",2021-03-31,2021-03-31 18:38:36,3357
"Top Skills for Assistants & Admins for the 2021 Workplace",2021-03-31,2021-03-31 18:38:36,9688
"S.P.E.A.K. Virtual Women's Empowerment Conference",2021-03-31,2021-03-31 18:38:36,351
"The Future of Infrastructure 2021 - Conference & Expo",2021-03-31,2021-03-31 18:38:36,7293
"Crisis Management for Assistants & Admins in times of CoronaVirus Pandemic",2021-03-31,2021-03-31 18:38:36,7180
"WomenTech Global Conference 2021",2021-03-31,2021-03-31 18:38:36,5854
"Crisis Management for Assistants & Admins in times of CoronaVirus Pandemic",2021-03-31,2021-03-31 18:38:36,4789
"IFAMA 2021 Virtual Conference: Innovations Reshaping the Future of Food",2021-03-31,2021-03-31 18:38:36,734
"Can Functional Foods & Bioactive Compounds Reduce the Risk of Diseases?",2021-03-31,2021-03-31 18:38:36,3400
"Champions of Blockchain: Global Disruption",2021-03-09,2021-03-09 13:25:24,323
"Champions of Blockchain: Global Disruption",2021-03-10,2021-03-10 23:51:25,355
"Champions of Blockchain: Global Disruption",2021-03-11,2021-03-11 22:51:15,370
"Champions of Blockchain: Global Disruption",2021-03-12,2021-03-12 09:29:15,370
"Champions of Blockchain: Global Disruption",2021-03-12,2021-03-12 18:13:19,385
"Champions of Blockchain: Global Disruption",2021-03-13,2021-03-13 12:21:41,397
"Champions of Blockchain: Global Disruption",2021-03-14,2021-03-14 00:01:08,405
"Champions of Blockchain: Global Disruption",2021-03-14,2021-03-14 11:38:24,409
"Champions of Blockchain: Global Disruption",2021-03-15,2021-03-15 23:34:53,430
"Champions of Blockchain: Global Disruption",2021-03-16,2021-03-16 12:23:17,437
"Champions of Blockchain: Global Disruption",2021-03-17,2021-03-17 20:14:41,456
"Champions of Blockchain: Global Disruption",2021-03-19,2021-03-19 01:10:56,469
"Champions of Blockchain: Global Disruption",2021-03-20,2021-03-20 11:33:02,496
"Champions of Blockchain: Global Disruption",2021-03-21,2021-03-21 10:00:39,522
"Champions of Blockchain: Global Disruption",2021-03-21,2021-03-21 23:28:21,534
"Champions of Blockchain: Global Disruption",2021-03-22,2021-03-22 10:33:58,543
"Champions of Blockchain: Global Disruption",2021-03-24,2021-03-24 21:14:00,628
"Champions of Blockchain: Global Disruption",2021-03-25,2021-03-25 17:23:09,649
"Champions of Blockchain: Global Disruption",2021-03-25,2021-03-25 23:35:24,660
"Champions of Blockchain: Global Disruption",2021-03-26,2021-03-26 10:17:46,671
"Champions of Blockchain: Global Disruption",2021-03-27,2021-03-27 14:49:23,708
"Champions of Blockchain: Global Disruption",2021-03-29,2021-03-29 20:24:53,710
"Champions of Blockchain: Global Disruption",2021-03-30,2021-03-30 17:25:29,710
"Online Tech Summit on Big Data Data Science & Machine Learning",2021-03-27,2021-03-27 02:00:26,1043
"Online Tech Summit on Big Data Data Science & Machine Learning",2021-03-27,2021-03-27 14:49:23,1068
"Online Tech Summit on Big Data Data Science & Machine Learning",2021-03-29,2021-03-29 02:01:30,1135
"Online Tech Summit on Big Data Data Science & Machine Learning",2021-03-30,2021-03-30 13:31:54,1234
"The Professional Assistant Summit 2021 [Online Edition]",2021-03-14,2021-03-14 11:38:24,650
"The Professional Assistant Summit 2021 [Online Edition]",2021-03-14,2021-03-14 11:38:24,1128
"The Professional Assistant Summit 2021 [Online Edition]",2021-03-15,2021-03-15 10:25:52,1133
"The Professional Assistant Summit 2021 [Online Edition]",2021-03-16,2021-03-16 23:49:37,1149
"The Professional Assistant Summit 2021 [Online Edition]",2021-03-17,2021-03-17 20:39:21,1158
"The Professional Assistant Summit 2021 [Online Edition]",2021-03-19,2021-03-19 01:10:56,1163
"The Professional Assistant Summit 2021 [Online Edition]",2021-03-20,2021-03-20 17:07:08,1174
"The Professional Assistant Summit 2021 [Online Edition]",2021-03-22,2021-03-22 13:33:08,674
"The Professional Assistant Summit 2021 [Online Edition]",2021-03-22,2021-03-22 13:33:08,1176
"The Professional Assistant Summit 2021 [Online Edition]",2021-03-22,2021-03-22 23:10:11,1180
"The Professional Assistant Summit 2021 [Online Edition]",2021-03-24,2021-03-24 21:08:22,1203
"The Professional Assistant Summit 2021 [Online Edition]",2021-03-25,2021-03-25 16:26:33,1215
"The Professional Assistant Summit 2021 [Online Edition]",2021-03-26,2021-03-26 23:52:30,1234
"The Professional Assistant Summit 2021 [Online Edition]",2021-03-27,2021-03-27 14:49:23,1240
"The Professional Assistant Summit 2021 [Online Edition]",2021-03-28,2021-03-28 12:29:53,1243
"The Professional Assistant Summit 2021 [Online Edition]",2021-03-29,2021-03-29 10:42:16,1246
"The Professional Assistant Summit 2021 [Online Edition]",2021-03-30,2021-03-30 17:25:29,703
"The Professional Assistant Summit 2021 [Online Edition]",2021-03-30,2021-03-30 17:25:29,1263
"AHIMA ME 24-25 March 2021 : Register for free until 16/03*",2021-03-09,2021-03-09 13:25:24,6393
"AHIMA ME 24-25 March 2021 : Register for free until 16/03*",2021-03-10,2021-03-10 18:13:00,6467
"AHIMA ME 24-25 March 2021 : Register for free until 16/03*",2021-03-11,2021-03-11 12:21:17,6506
"AHIMA ME 24-25 March 2021 : Register for free until 16/03*",2021-03-12,2021-03-12 09:41:22,6554
"AHIMA ME 24-25 March 2021 : Register for free until 16/03*",2021-03-14,2021-03-14 00:01:08,6649
"AHIMA ME 24-25 March 2021 : Register for free until 16/03*",2021-03-14,2021-03-14 11:38:24,6673
"AHIMA ME 24-25 March 2021 : Register for free until 16/03*",2021-03-15,2021-03-15 11:08:26,6705
"AHIMA ME 24-25 March 2021 : Register for free until 16/03*",2021-03-16,2021-03-16 12:23:17,6758
"AHIMA ME 24-25 March 2021 : Register for free until 16/03*",2021-03-17,2021-03-17 20:14:41,6829
"AHIMA ME 24-25 March 2021 : Register for free until 16/03*",2021-03-18,2021-03-18 11:15:24,6845
"AHIMA ME 24-25 March 2021 : Register for free until 16/03*",2021-03-19,2021-03-19 10:27:13,6884
"AHIMA ME 24-25 March 2021 : Register for free until 16/03*",2021-03-20,2021-03-20 11:33:02,6922
"AHIMA ME 24-25 March 2021 : Register for free until 16/03*",2021-03-21,2021-03-21 10:00:39,6947
"AHIMA ME 24-25 March 2021 : Register for free until 16/03*",2021-03-22,2021-03-22 10:33:58,7034
"AHIMA ME 24-25 March 2021 : Register for free until 16/03*",2021-03-23,2021-03-23 10:04:28,7080
"AHIMA ME 24-25 March 2021 : Register for free until 16/03*",2021-03-24,2021-03-24 09:00:10,7152
"AHIMA ME 24-25 March 2021 : Register for free until 16/03*",2021-03-24,2021-03-24 21:14:00,7184
"AHIMA ME 24-25 March 2021 : Register for free until 16/03*",2021-03-25,2021-03-25 17:23:09,7211
"AHIMA ME 24-25 March 2021 : Register for free until 16/03*",2021-03-26,2021-03-26 14:21:14,7211
"AHIMA ME 24-25 March 2021 : Register for free until 16/03*",2021-03-29,2021-03-29 02:13:06,7209
